,datetime,meter,rms_current,rms_voltage,true_power
0,2015-09-20 10:00:00,455,0.0,120.1,0.0
0,2015-09-20 10:00:00,460,0.0,118.7,0.0
0,2015-09-20 10:00:00,549,0.0,119.93,0.0
0,2015-09-20 10:00:00,630,0.0,119.82,0.0
0,2015-09-20 10:00:00,512,0.0,116.91,0.0
0,2015-09-20 10:00:00,648,0.0,118.9,0.0
0,2015-09-20 10:00:00,627,0.0,116.59,0.0
0,2015-09-20 10:00:00,602,0.0,118.92,0.0
0,2015-09-20 10:00:00,493,0.0,119.1,0.0
0,2015-09-20 10:00:00,671,0.0,119.37,0.0
0,2015-09-20 10:00:00,662,0.0,119.54,0.0
0,2015-09-20 10:00:00,472,0.0,119.44,0.0
0,2015-09-20 10:00:00,474,0.0,119.28,0.0
0,2015-09-20 10:00:00,427,0.044,119.12,4.0
0,2015-09-20 10:00:00,515,0.0,118.45,0.0
0,2015-09-20 10:00:00,522,0.0,119.47,0.0
0,2015-09-20 10:00:00,441,0.04,119.19,4.0
0,2015-09-20 10:00:00,463,0.0,119.49,0.0
0,2015-09-20 10:00:00,448,0.094,119.5,10.0
0,2015-09-20 10:00:00,691,0.0,118.95,0.0
0,2015-09-20 10:00:00,443,0.0,116.97,0.0
0,2015-09-20 10:00:00,799,0.048,119.6,4.0
0,2015-09-20 10:00:00,767,0.0,120.1,0.0
0,2015-09-20 10:00:00,809,0.0,119.08,0.0
0,2015-09-20 10:00:00,432,0.0,116.7,0.0
0,2015-09-20 10:00:00,603,0.0,117.97,0.0
0,2015-09-20 10:00:00,516,0.0,118.32,0.0
0,2015-09-20 10:00:00,457,0.0,118.58,0.0
0,2015-09-20 10:00:00,535,0.0,118.29,0.0
0,2015-09-20 10:00:00,573,0.0,118.64,0.0
0,2015-09-20 10:00:00,503,0.096,119.42,10.0
0,2015-09-20 10:00:00,663,0.094,119.4,10.0
0,2015-09-20 10:00:00,667,0.0,118.26,0.0
0,2015-09-20 10:00:00,756,0.0,118.72,0.0
0,2015-09-20 10:00:00,563,0.0,117.99,0.0
0,2015-09-20 10:00:00,575,0.0,120.14,0.0
0,2015-09-20 10:00:00,590,0.032,120.01,0.0
0,2015-09-20 10:00:00,641,0.0,119.24,0.0
0,2015-09-20 10:00:00,743,0.0,119.71,0.0
0,2015-09-20 10:00:00,519,0.0,119.38,0.0
0,2015-09-20 10:00:00,534,0.082,117.03,4.0
0,2015-09-20 10:00:00,707,0.0,120.27,0.0
0,2015-09-20 10:00:00,728,0.0,117.4,0.0
0,2015-09-20 10:00:00,711,0.062,119.63,2.0
0,2015-09-20 10:00:00,616,0.0,118.45,0.0
0,2015-09-20 10:00:00,605,0.124,118.88,10.0
0,2015-09-20 10:00:00,482,0.0,118.99,0.0
0,2015-09-20 10:00:00,695,0.0,119.02,0.0
0,2015-09-20 10:00:00,621,0.0,119.3,0.0
0,2015-09-20 10:00:00,523,0.0,119.33,0.0
0,2015-09-20 10:00:00,699,0.112,119.24,10.0
0,2015-09-20 10:00:00,453,0.0,120.05,0.0
0,2015-09-20 10:00:00,431,0.096,119.63,10.0
0,2015-09-20 10:00:00,556,0.0,116.69,0.0
0,2015-09-20 10:00:00,615,0.0,118.15,0.0
0,2015-09-20 10:00:00,436,0.0,118.41,0.0
0,2015-09-20 10:00:00,439,0.0,119.45,0.0
0,2015-09-20 10:00:00,473,0.0,118.4,0.0
0,2015-09-20 10:00:00,425,0.0,117.72,0.0
0,2015-09-20 10:00:00,266,0.0,119.38,0.0
0,2015-09-20 10:00:00,697,0.0,119.51,0.0
0,2015-09-20 10:00:00,744,0.0,119.25,0.0
0,2015-09-20 10:00:00,200,0.0,116.9,0.0
0,2015-09-20 10:00:00,748,0.098,117.53,10.0
0,2015-09-20 10:00:00,674,0.0,120.03,0.0
0,2015-09-20 10:00:00,545,0.0,118.37,0.0
0,2015-09-20 10:00:00,558,0.0,119.5,0.0
0,2015-09-20 10:00:00,779,0.02,119.79,0.0
0,2015-09-20 10:00:00,782,0.05,119.98,2.0
0,2015-09-20 10:00:00,715,0.01,119.66,0.0
0,2015-09-20 10:00:00,521,0.046,118.55,2.0
0,2015-09-20 10:00:00,445,0.146,118.7,10.0
0,2015-09-20 10:00:00,733,0.0,117.84,0.0
0,2015-09-20 10:00:00,693,0.0,117.9,0.0
0,2015-09-20 10:00:00,771,0.216,117.42,14.0
0,2015-09-20 10:00:00,740,0.096,117.55,10.0
0,2015-09-20 10:00:00,426,0.0,117.9,0.0
0,2015-09-20 10:00:00,708,0.0,117.63,0.0
0,2015-09-20 10:00:00,673,0.0,118.99,0.0
0,2015-09-20 10:00:00,568,0.0,119.21,0.0
0,2015-09-20 10:00:00,490,0.004,119.89,0.0
0,2015-09-20 10:00:00,795,0.0,118.32,0.0
0,2015-09-20 10:00:00,567,0.0,119.72,0.0
0,2015-09-20 10:00:00,514,0.102,119.87,10.0
0,2015-09-20 10:00:00,805,0.054,118.09,4.0
0,2015-09-20 10:00:00,680,0.0,118.72,0.0
0,2015-09-20 10:00:00,749,0.0,119.16,0.0
0,2015-09-20 10:00:00,501,0.0,118.88,0.0
0,2015-09-20 10:00:00,618,0.0,118.68,0.0
0,2015-09-20 10:00:00,679,0.0,119.39,0.0
0,2015-09-20 10:00:00,808,0.048,119.54,4.0
0,2015-09-20 10:00:00,752,0.0,119.44,0.0
0,2015-09-20 10:00:00,714,0.0,117.85,0.0
0,2015-09-20 10:00:00,682,0.0,118.93,0.0
0,2015-09-20 10:00:00,675,0.0,119.3,0.0
0,2015-09-20 10:00:00,750,0.0,118.45,0.0
0,2015-09-20 10:00:00,596,0.0,119.05,0.0
0,2015-09-20 10:00:00,719,0.0,117.91,0.0
0,2015-09-20 10:00:00,592,0.0,119.57,0.0
0,2015-09-20 10:00:00,604,0.0,118.08,0.0
0,2015-09-20 10:00:00,683,0.0,118.64,0.0
0,2015-09-20 10:00:00,727,0.0,118.94,0.0
0,2015-09-20 10:00:00,536,0.0,119.11,0.0
0,2015-09-20 10:00:00,422,1.336,116.34,116.0
0,2015-09-20 10:00:00,465,0.0,119.67,0.0
0,2015-09-20 10:00:00,579,0.0,116.41,0.0
0,2015-09-20 10:00:00,437,0.0,119.88,0.0
0,2015-09-20 10:00:00,581,0.0,116.76,0.0
0,2015-09-20 10:00:00,528,0.0,119.43,0.0
0,2015-09-20 10:00:00,773,0.0,118.86,0.0
0,2015-09-20 10:00:00,421,0.0,119.55,0.0
0,2015-09-20 10:00:00,498,0.0,119.79,0.0
0,2015-09-20 10:00:00,496,0.0,119.86,0.0
0,2015-09-20 10:00:00,479,0.0,120.12,0.0
0,2015-09-20 10:00:00,566,0.0,119.81,0.0
0,2015-09-20 10:00:00,676,0.0,119.66,0.0
0,2015-09-20 10:00:00,776,0.0,120.04,0.0
0,2015-09-20 10:00:00,336,0.0,119.57,0.0
0,2015-09-20 10:00:00,570,0.0,118.94,0.0
0,2015-09-20 10:00:00,541,0.0,118.84,0.0
0,2015-09-20 10:00:00,644,0.0,119.42,0.0
0,2015-09-20 10:00:00,656,0.0,117.03,0.0
0,2015-09-20 10:00:00,146,0.0,119.64,0.0
0,2015-09-20 10:00:00,790,0.0,120.27,0.0
0,2015-09-20 10:00:00,608,0.022,118.71,2.0
0,2015-09-20 10:00:00,557,0.0,118.77,0.0
0,2015-09-20 10:00:00,459,0.0,118.61,0.0
0,2015-09-20 10:00:00,497,0.096,118.48,0.0
0,2015-09-20 10:00:00,424,0.0,117.42,0.0
0,2015-09-20 10:00:00,546,0.036,119.72,0.0
0,2015-09-20 10:00:00,265,0.0,120.11,0.0
0,2015-09-20 10:00:00,712,0.0,120.2,0.0
0,2015-09-20 10:00:00,222,0.0,118.7,0.0
0,2015-09-20 10:00:00,229,0.0,119.63,0.0
0,2015-09-20 10:00:00,716,0.024,120.03,0.0
0,2015-09-20 10:00:00,361,0.0,119.85,0.0
0,2015-09-20 10:00:00,430,0.0,119.96,0.0
0,2015-09-20 10:00:00,277,0.0,120.15,0.0
0,2015-09-20 10:00:00,214,0.0,120.3,0.0
0,2015-09-20 10:00:00,798,0.068,119.14,2.0
0,2015-09-20 10:00:00,61,0.0,119.35,0.0
0,2015-09-20 10:00:00,207,0.0,119.71,0.0
0,2015-09-20 10:00:00,584,0.0,119.98,0.0
0,2015-09-20 10:00:00,293,0.0,119.46,0.0
0,2015-09-20 10:00:00,593,1.624,117.18,142.0
0,2015-09-20 10:00:00,525,0.0,118.42,0.0
0,2015-09-20 10:00:00,442,0.0,118.49,0.0
0,2015-09-20 10:00:00,461,0.074,117.5,4.0
0,2015-09-20 10:00:00,751,0.0,118.22,0.0
0,2015-09-20 10:00:00,698,0.0,119.8,0.0
0,2015-09-20 10:00:00,600,0.0,118.43,0.0
0,2015-09-20 10:00:00,651,0.0,118.11,0.0
0,2015-09-20 10:00:00,777,0.0,118.66,0.0
0,2015-09-20 10:00:00,736,0.0,118.75,0.0
0,2015-09-20 10:00:00,583,0.0,118.72,0.0
0,2015-09-20 10:00:00,670,0.0,118.82,0.0
0,2015-09-20 10:00:00,665,0.0,117.81,0.0
0,2015-09-20 10:00:00,640,0.0,118.42,0.0
0,2015-09-20 10:00:00,754,0.0,119.1,0.0
0,2015-09-20 10:00:00,548,0.0,119.4,0.0
0,2015-09-20 10:00:00,495,0.098,119.31,10.0
0,2015-09-20 10:00:00,807,0.0,118.96,0.0
0,2015-09-20 10:00:00,730,0.0,119.14,0.0
0,2015-09-20 10:00:00,681,0.0,119.06,0.0
0,2015-09-20 10:00:00,645,0.0,118.68,0.0
0,2015-09-20 10:00:00,760,0.0,118.31,0.0
0,2015-09-20 10:00:00,762,0.0,118.77,0.0
0,2015-09-20 10:00:00,636,2.0,117.58,146.0
0,2015-09-20 10:00:00,791,0.0,118.69,0.0
0,2015-09-20 10:00:00,451,0.0,118.91,0.0
0,2015-09-20 10:00:00,800,0.796,118.56,48.0
0,2015-09-20 10:00:00,724,0.098,119.65,10.0
0,2015-09-20 10:00:00,423,0.0,119.32,0.0
0,2015-09-20 10:00:00,513,0.02,120.0,0.0
0,2015-09-20 10:00:00,606,0.0,119.34,0.0
0,2015-09-20 10:00:00,726,0.114,119.45,6.0
0,2015-09-20 10:00:00,634,0.0,119.7,0.0
0,2015-09-20 10:00:00,508,0.0,118.63,0.0
0,2015-09-20 10:00:00,785,0.0,118.75,0.0
0,2015-09-20 10:00:00,591,0.048,118.73,2.0
0,2015-09-20 10:00:00,786,0.0,119.91,0.0
0,2015-09-20 10:00:00,655,0.0,119.46,0.0
0,2015-09-20 10:00:00,587,2.084,118.64,204.0
0,2015-09-20 10:00:00,506,0.0,119.78,0.0
0,2015-09-20 10:00:00,358,0.0,120.06,0.0
0,2015-09-20 10:00:00,542,0.0,117.3,0.0
0,2015-09-20 10:00:00,485,0.0,118.59,0.0
0,2015-09-20 10:00:00,797,0.0,117.27,0.0
0,2015-09-20 10:00:00,420,0.0,119.65,0.0
0,2015-09-20 10:00:00,458,0.114,118.99,12.0
0,2015-09-20 10:00:00,690,0.026,116.83,0.0
0,2015-09-20 10:00:00,732,0.0,119.63,0.0
0,2015-09-20 10:00:00,589,0.0,119.23,0.0
0,2015-09-20 10:00:00,613,0.016,120.2,0.0
0,2015-09-20 10:00:00,510,0.0,119.86,0.0
0,2015-09-20 10:00:00,173,0.0,119.19,0.0
0,2015-09-20 10:00:00,788,0.0,119.9,0.0
0,2015-09-20 10:00:00,466,0.0,120.62,0.0
0,2015-09-20 10:00:00,471,0.0,119.19,0.0
0,2015-09-20 10:00:00,462,0.0,118.34,0.0
0,2015-09-20 10:00:00,560,0.0,119.89,0.0
0,2015-09-20 10:00:00,502,0.0,117.28,0.0
0,2015-09-20 10:00:00,764,0.0,118.38,0.0
0,2015-09-20 10:00:00,507,0.0,118.58,0.0
0,2015-09-20 10:00:00,559,0.0,119.64,0.0
0,2015-09-20 10:00:00,576,0.028,118.14,2.0
0,2015-09-20 10:00:00,709,0.0,119.04,0.0
0,2015-09-20 10:00:00,599,0.0,119.4,0.0
0,2015-09-20 10:00:00,607,0.094,120.34,4.0
0,2015-09-20 10:00:00,543,0.128,118.58,12.0
0,2015-09-20 10:00:00,544,0.0,117.77,0.0
0,2015-09-20 10:00:00,780,0.0,118.84,0.0
0,2015-09-20 10:00:00,784,0.108,119.28,4.0
0,2015-09-20 10:00:00,649,0.0,119.15,0.0
0,2015-09-20 10:00:00,792,0.006,119.65,0.0
0,2015-09-20 10:00:00,806,0.0,118.45,0.0
0,2015-09-20 10:00:00,617,0.0,118.39,0.0
0,2015-09-20 10:00:00,706,0.0,119.89,0.0
0,2015-09-20 10:00:00,481,0.0,117.7,0.0
0,2015-09-20 10:00:00,440,0.0,119.39,0.0
0,2015-09-20 10:00:00,569,0.024,119.6,0.0
0,2015-09-20 10:00:00,611,0.0,118.29,0.0
0,2015-09-20 10:00:00,529,0.0,118.78,0.0
0,2015-09-20 10:00:00,438,0.0,119.01,0.0
0,2015-09-20 10:00:00,511,0.0,118.51,0.0
0,2015-09-20 10:00:00,803,0.0,118.54,0.0
0,2015-09-20 10:00:00,694,0.0,118.5,0.0
0,2015-09-20 10:00:00,565,0.06,119.25,6.0
0,2015-09-20 10:00:00,537,0.0,118.66,0.0
0,2015-09-20 10:00:00,571,0.484,119.63,56.0
0,2015-09-20 10:00:00,551,0.0,120.66,0.0
0,2015-09-20 10:00:00,582,0.06,120.11,4.0
0,2015-09-20 10:00:00,163,0.0,119.43,0.0
0,2015-09-20 10:00:00,789,0.0,118.66,0.0
0,2015-09-20 10:00:00,572,0.0,120.25,0.0
0,2015-09-20 10:00:00,517,0.0,116.69,0.0
0,2015-09-20 10:00:00,601,0.0,119.6,0.0
0,2015-09-20 10:00:00,622,0.0,119.92,0.0
0,2015-09-20 10:00:00,658,0.0,117.87,0.0
0,2015-09-20 10:00:00,487,0.0,118.57,0.0
0,2015-09-20 10:00:00,768,0.0,119.07,0.0
0,2015-09-20 10:00:00,574,0.0,119.04,0.0
0,2015-09-20 10:00:00,447,0.37,118.69,28.0
0,2015-09-20 10:00:00,555,0.0,119.73,0.0
0,2015-09-20 10:00:00,429,0.0,118.75,0.0
0,2015-09-20 10:00:00,140,0.0,119.49,0.0
0,2015-09-20 10:00:00,191,0.0,119.14,0.0
0,2015-09-20 10:00:00,650,0.098,117.06,10.0
0,2015-09-20 10:00:00,280,0.0,119.31,0.0
0,2015-09-20 10:00:00,810,0.0,116.66,0.0
0,2015-09-20 10:00:00,251,0.052,119.34,4.0
0,2015-09-20 10:00:00,664,0.0,119.47,0.0
0,2015-09-20 10:00:00,811,0.0,119.84,0.0
0,2015-09-20 10:00:00,794,0.002,117.53,0.0
0,2015-09-20 10:00:00,187,0.038,119.55,0.0
0,2015-09-20 10:00:00,539,0.0,119.44,0.0
0,2015-09-20 10:00:00,540,0.024,117.56,0.0
0,2015-09-20 10:00:00,434,0.096,116.93,10.0
0,2015-09-20 10:00:00,470,0.0,117.56,0.0
0,2015-09-20 10:00:00,486,0.0,119.93,0.0
0,2015-09-20 10:00:00,689,0.0,119.46,0.0
0,2015-09-20 10:00:00,475,0.034,119.15,0.0
0,2015-09-20 10:00:00,696,0.0,119.64,0.0
0,2015-09-20 10:00:00,489,0.0,120.01,0.0
0,2015-09-20 10:00:00,642,0.058,118.03,4.0
0,2015-09-20 10:00:00,688,0.0,118.86,0.0
0,2015-09-20 10:00:00,628,0.01,118.29,0.0
0,2015-09-20 10:00:00,467,0.018,118.64,0.0
0,2015-09-20 10:00:00,626,0.0,118.82,0.0
0,2015-09-20 10:00:00,484,0.0,119.12,0.0
0,2015-09-20 10:00:00,444,0.004,117.83,0.0
0,2015-09-20 10:00:00,701,0.0,118.85,0.0
0,2015-09-20 10:00:00,757,0.0,118.59,0.0
0,2015-09-20 10:00:00,504,0.0,119.92,0.0
0,2015-09-20 10:00:00,802,0.0,119.93,0.0
0,2015-09-20 10:00:00,763,0.0,118.59,0.0
0,2015-09-20 10:00:00,759,0.0,119.82,0.0
0,2015-09-20 10:00:00,761,1.602,118.79,120.0
0,2015-09-20 10:00:00,684,0.0,120.16,0.0
0,2015-09-20 10:00:00,639,0.0,119.6,0.0
0,2015-09-20 10:00:00,624,0.0,118.17,0.0
0,2015-09-20 10:00:00,452,0.0,118.53,0.0
0,2015-09-20 10:00:00,598,0.0,118.17,0.0
0,2015-09-20 10:00:00,456,0.0,118.38,0.0
0,2015-09-20 10:00:00,653,0.0,119.03,0.0
0,2015-09-20 10:00:00,722,0.058,119.93,4.0
0,2015-09-20 10:00:00,700,0.0,117.91,0.0
0,2015-09-20 10:00:00,678,0.0,119.19,0.0
0,2015-09-20 10:00:00,643,0.0,119.52,0.0
0,2015-09-20 10:00:00,637,0.0,117.4,0.0
0,2015-09-20 10:00:00,796,0.0,119.11,0.0
0,2015-09-20 10:00:00,633,0.0,117.32,0.0
0,2015-09-20 10:00:00,783,0.0,117.16,0.0
0,2015-09-20 10:00:00,464,0.0,119.68,0.0
0,2015-09-20 10:00:00,713,0.0,119.67,0.0
0,2015-09-20 10:00:00,635,0.0,117.54,0.0
0,2015-09-20 10:00:00,307,0.0,119.71,0.0
0,2015-09-20 10:00:00,342,0.0,119.59,0.0
0,2015-09-20 10:00:00,721,0.0,118.97,0.0
0,2015-09-20 10:00:00,614,0.0,118.99,0.0
0,2015-09-20 10:00:00,290,0.0,118.86,0.0
0,2015-09-20 10:00:00,793,0.0,118.25,0.0
0,2015-09-20 10:00:00,552,0.0,118.34,0.0
0,2015-09-20 10:00:00,547,0.23,118.42,24.0
0,2015-09-20 10:00:00,659,0.0,118.9,0.0
0,2015-09-20 10:00:00,435,0.0,119.27,0.0
0,2015-09-20 10:00:00,646,0.0,119.29,0.0
0,2015-09-20 10:00:00,578,0.114,118.19,12.0
0,2015-09-20 10:00:00,488,0.0,119.63,0.0
0,2015-09-20 10:00:00,538,0.114,119.84,12.0
0,2015-09-20 10:00:00,505,0.0,119.18,0.0
0,2015-09-20 10:00:00,469,0.0,119.49,0.0
0,2015-09-20 10:00:00,477,0.0,119.28,0.0
0,2015-09-20 10:00:00,480,0.0,119.49,0.0
0,2015-09-20 10:00:00,494,0.0,119.0,0.0
0,2015-09-20 10:00:00,597,0.0,119.36,0.0
0,2015-09-20 10:00:00,520,0.062,119.93,6.0
0,2015-09-20 10:00:00,672,0.0,118.96,0.0
0,2015-09-20 10:00:00,450,0.13,118.69,14.0
0,2015-09-20 10:00:00,717,0.0,118.96,0.0
0,2015-09-20 10:00:00,739,0.0,119.59,0.0
0,2015-09-20 10:00:00,666,0.0,118.77,0.0
0,2015-09-20 10:00:00,685,0.0,119.72,0.0
0,2015-09-20 10:00:00,296,0.0,119.5,0.0
0,2015-09-20 10:00:00,492,0.0,118.43,0.0
0,2015-09-20 10:00:00,774,0.104,117.87,10.0
0,2015-09-20 10:00:00,765,0.062,118.92,2.0
0,2015-09-20 10:00:00,668,0.0,118.17,0.0
0,2015-09-20 10:00:00,804,0.0,118.26,0.0
0,2015-09-20 10:00:00,772,0.0,118.66,0.0
0,2015-09-20 10:00:00,775,0.0,118.37,0.0
0,2015-09-20 10:00:00,758,0.226,118.78,22.0
0,2015-09-20 10:00:00,554,0.0,118.01,0.0
0,2015-09-20 10:00:00,769,0.0,118.27,0.0
0,2015-09-20 10:00:00,702,0.0,118.96,0.0
0,2015-09-20 10:00:00,220,0.0,119.21,0.0
0,2015-09-20 10:00:00,610,0.0,118.67,0.0
0,2015-09-20 10:00:00,594,0.0,118.69,0.0
0,2015-09-20 10:00:00,355,0.768,118.98,62.0
0,2015-09-20 10:00:00,586,0.0,119.07,0.0
0,2015-09-20 10:00:00,419,0.0,118.74,0.0
0,2015-09-20 10:00:00,564,0.0,118.51,0.0
0,2015-09-20 10:00:00,483,0.0,118.9,0.0
0,2015-09-20 10:00:00,595,0.0,119.07,0.0
0,2015-09-20 10:00:00,609,0.0,118.62,0.0
0,2015-09-20 10:00:00,562,0.0,118.81,0.0
0,2015-09-20 10:00:00,705,0.0,118.78,0.0
0,2015-09-20 10:00:00,499,0.0,119.38,0.0
0,2015-09-20 10:00:00,433,0.0,118.67,0.0
0,2015-09-20 10:00:00,550,0.082,119.53,8.0
0,2015-09-20 10:00:00,388,0.0,117.95,0.0
0,2015-09-20 10:00:00,686,0.0,118.96,0.0
0,2015-09-20 10:00:00,509,0.0,119.54,0.0
0,2015-09-20 10:00:00,647,0.0,117.21,0.0
0,2015-09-20 10:00:00,619,0.124,118.86,10.0
0,2015-09-20 10:00:00,629,0.0,119.27,0.0
0,2015-09-20 10:00:00,703,1.292,120.15,152.0
0,2015-09-20 10:00:00,801,0.0,117.18,0.0
0,2015-09-20 10:00:00,742,0.0,118.27,0.0
0,2015-09-20 10:00:00,741,0.0,120.18,0.0
0,2015-09-20 10:00:00,206,0.0,120.22,0.0
0,2015-09-20 10:00:00,661,0.0,119.71,0.0
0,2015-09-20 10:00:00,632,0.0,119.06,0.0
0,2015-09-20 10:00:00,387,0.0,119.51,0.0
0,2015-09-20 10:00:00,204,0.132,120.19,8.0
0,2015-09-20 10:00:00,364,0.0,119.78,0.0
0,2015-09-20 10:00:00,185,0.0,119.27,0.0
0,2015-09-20 10:00:00,215,0.0,119.36,0.0
0,2015-09-20 10:00:00,585,0.0,120.06,0.0
0,2015-09-20 10:00:00,532,0.094,117.59,10.0
0,2015-09-20 10:00:00,476,0.03,119.4,0.0
0,2015-09-20 10:00:00,527,0.0,116.39,0.0
0,2015-09-20 10:00:00,518,0.0,119.24,0.0
0,2015-09-20 10:00:00,710,0.0,119.01,0.0
0,2015-09-20 10:00:00,530,0.0,116.42,0.0
0,2015-09-20 10:00:00,631,0.0,118.05,0.0
0,2015-09-20 10:00:00,428,0.0,119.84,0.0
0,2015-09-20 10:00:00,766,0.66,118.29,60.0
0,2015-09-20 10:00:00,778,0.056,117.97,4.0
0,2015-09-20 10:00:00,770,0.052,117.82,4.0
0,2015-09-20 10:00:00,340,0.0,119.19,0.0
0,2015-09-20 10:00:00,781,0.0,119.19,0.0
0,2015-09-20 10:00:00,731,0.0,119.73,0.0
0,2015-09-20 10:00:00,449,0.0,118.96,0.0
0,2015-09-20 10:00:00,402,0.0,119.61,0.0
0,2015-09-20 10:00:00,531,0.054,118.12,2.0
0,2015-09-20 10:00:00,526,0.0,119.16,0.0
0,2015-09-20 10:00:00,491,0.0,120.23,0.0
0,2015-09-20 10:00:00,737,0.0,118.97,0.0
0,2015-09-20 10:00:00,193,0.004,120.39,0.0
0,2015-09-20 10:00:00,209,0.0,120.07,0.0
0,2015-09-20 10:00:00,692,0.02,119.69,0.0
0,2015-09-20 10:00:00,734,0.0,120.24,0.0
0,2015-09-20 10:00:00,219,0.0,119.95,0.0
0,2015-09-20 10:00:00,745,0.0,120.63,0.0
0,2015-09-20 10:00:00,735,0.418,119.52,28.0
0,2015-09-20 10:00:00,91,0.098,119.31,2.0
0,2015-09-20 10:00:00,580,0.0,119.51,0.0
0,2015-09-20 10:00:00,654,0.0,117.66,0.0
0,2015-09-20 10:00:00,755,0.0,119.01,0.0
0,2015-09-20 10:00:00,397,0.0,119.55,0.0
0,2015-09-20 10:00:00,787,0.0,118.92,0.0
0,2015-09-20 10:00:00,144,0.0,119.04,0.0
0,2015-09-20 10:00:00,561,0.0,118.78,0.0
0,2015-09-20 10:00:00,288,0.0,119.64,0.0
0,2015-09-20 10:00:00,687,0.0,119.74,0.0
0,2015-09-20 10:00:00,154,0.0,119.5,0.0
0,2015-09-20 10:00:00,738,0.0,119.31,0.0
0,2015-09-20 10:00:00,321,1.558,119.57,162.0
0,2015-09-20 10:00:00,379,0.0,119.39,0.0
0,2015-09-20 10:00:00,216,0.0,119.38,0.0
0,2015-09-20 10:00:00,638,0.0,119.78,0.0
0,2015-09-20 10:00:00,446,0.0,118.86,0.0
0,2015-09-20 10:00:00,468,0.0,119.95,0.0
0,2015-09-20 10:00:00,669,0.0,119.39,0.0
0,2015-09-20 10:00:00,588,0.0,119.82,0.0
0,2015-09-20 10:00:00,620,0.106,116.82,10.0
0,2015-09-20 10:15:00,455,0.0,120.06,0.0
0,2015-09-20 10:15:00,460,0.0,118.76,0.0
0,2015-09-20 10:15:00,549,0.0,119.87,0.0
0,2015-09-20 10:15:00,630,0.0,119.79,0.0
0,2015-09-20 10:15:00,512,0.0,116.84,0.0
0,2015-09-20 10:15:00,648,0.0,118.91,0.0
0,2015-09-20 10:15:00,627,0.0,116.52,0.0
0,2015-09-20 10:15:00,602,0.0,118.97,0.0
0,2015-09-20 10:15:00,493,0.0,119.02,0.0
0,2015-09-20 10:15:00,671,0.0,119.38,0.0
0,2015-09-20 10:15:00,662,0.0,119.46,0.0
0,2015-09-20 10:15:00,472,0.0,119.38,0.0
0,2015-09-20 10:15:00,474,0.0,119.22,0.0
0,2015-09-20 10:15:00,427,0.0,119.15,0.0
0,2015-09-20 10:15:00,515,0.066,118.43,6.0
0,2015-09-20 10:15:00,522,0.0,119.43,0.0
0,2015-09-20 10:15:00,441,0.098,119.21,10.0
0,2015-09-20 10:15:00,463,0.0,119.51,0.0
0,2015-09-20 10:15:00,448,0.094,119.53,10.0
0,2015-09-20 10:15:00,691,0.0,118.94,0.0
0,2015-09-20 10:15:00,443,0.0,116.9,0.0
0,2015-09-20 10:15:00,799,0.094,119.6,10.0
0,2015-09-20 10:15:00,767,0.0,120.06,0.0
0,2015-09-20 10:15:00,809,0.0,119.0,0.0
0,2015-09-20 10:15:00,432,0.0,116.63,0.0
0,2015-09-20 10:15:00,603,0.0,117.82,0.0
0,2015-09-20 10:15:00,516,0.0,118.36,0.0
0,2015-09-20 10:15:00,457,0.0,118.61,0.0
0,2015-09-20 10:15:00,535,0.0,118.28,0.0
0,2015-09-20 10:15:00,573,0.0,118.61,0.0
0,2015-09-20 10:15:00,503,0.096,119.4,10.0
0,2015-09-20 10:15:00,663,0.094,119.39,10.0
0,2015-09-20 10:15:00,667,0.0,118.24,0.0
0,2015-09-20 10:15:00,756,0.0,118.7,0.0
0,2015-09-20 10:15:00,563,0.0,117.96,0.0
0,2015-09-20 10:15:00,575,0.062,120.07,6.0
0,2015-09-20 10:15:00,590,0.032,120.05,0.0
0,2015-09-20 10:15:00,641,0.0,119.18,0.0
0,2015-09-20 10:15:00,743,0.0,119.65,0.0
0,2015-09-20 10:15:00,519,0.0,119.42,0.0
0,2015-09-20 10:15:00,534,0.108,116.97,6.0
0,2015-09-20 10:15:00,707,0.0,120.24,0.0
0,2015-09-20 10:15:00,728,0.0,117.42,0.0
0,2015-09-20 10:15:00,711,0.414,119.58,36.0
0,2015-09-20 10:15:00,616,0.0,118.43,0.0
0,2015-09-20 10:15:00,605,0.796,118.96,78.0
0,2015-09-20 10:15:00,482,0.0,119.02,0.0
0,2015-09-20 10:15:00,695,0.0,119.05,0.0
0,2015-09-20 10:15:00,621,0.0,119.32,0.0
0,2015-09-20 10:15:00,523,0.0,119.35,0.0
0,2015-09-20 10:15:00,699,0.112,119.17,10.0
0,2015-09-20 10:15:00,453,0.0,120.08,0.0
0,2015-09-20 10:15:00,431,0.092,119.67,8.0
0,2015-09-20 10:15:00,556,0.0,116.62,0.0
0,2015-09-20 10:15:00,615,0.0,118.13,0.0
0,2015-09-20 10:15:00,436,0.0,118.39,0.0
0,2015-09-20 10:15:00,439,0.0,119.47,0.0
0,2015-09-20 10:15:00,473,0.0,118.39,0.0
0,2015-09-20 10:15:00,425,0.0,117.67,0.0
0,2015-09-20 10:15:00,266,0.0,119.22,0.0
0,2015-09-20 10:15:00,697,0.0,119.55,0.0
0,2015-09-20 10:15:00,744,0.0,119.28,0.0
0,2015-09-20 10:15:00,200,0.0,116.86,0.0
0,2015-09-20 10:15:00,748,0.098,117.49,10.0
0,2015-09-20 10:15:00,674,0.0,120.06,0.0
0,2015-09-20 10:15:00,545,0.0,118.36,0.0
0,2015-09-20 10:15:00,558,0.0,119.53,0.0
0,2015-09-20 10:15:00,779,0.02,119.82,0.0
0,2015-09-20 10:15:00,782,0.048,119.93,2.0
0,2015-09-20 10:15:00,715,0.098,119.65,4.0
0,2015-09-20 10:15:00,521,0.048,118.56,2.0
0,2015-09-20 10:15:00,445,0.148,118.73,10.0
0,2015-09-20 10:15:00,733,0.0,117.87,0.0
0,2015-09-20 10:15:00,693,0.0,117.93,0.0
0,2015-09-20 10:15:00,771,0.002,117.46,0.0
0,2015-09-20 10:15:00,740,0.096,117.58,10.0
0,2015-09-20 10:15:00,426,0.0,117.93,0.0
0,2015-09-20 10:15:00,708,0.0,117.66,0.0
0,2015-09-20 10:15:00,673,0.0,119.04,0.0
0,2015-09-20 10:15:00,568,0.0,119.13,0.0
0,2015-09-20 10:15:00,490,0.01,119.87,0.0
0,2015-09-20 10:15:00,795,0.0,118.3,0.0
0,2015-09-20 10:15:00,567,0.0,119.7,0.0
0,2015-09-20 10:15:00,514,0.1,119.78,10.0
0,2015-09-20 10:15:00,805,0.09,118.06,8.0
0,2015-09-20 10:15:00,680,0.0,118.72,0.0
0,2015-09-20 10:15:00,749,0.0,119.14,0.0
0,2015-09-20 10:15:00,501,0.0,118.87,0.0
0,2015-09-20 10:15:00,618,0.0,118.68,0.0
0,2015-09-20 10:15:00,679,0.0,119.38,0.0
0,2015-09-20 10:15:00,808,0.0,119.58,0.0
0,2015-09-20 10:15:00,752,0.0,119.36,0.0
0,2015-09-20 10:15:00,714,0.0,117.88,0.0
0,2015-09-20 10:15:00,682,0.0,118.86,0.0
0,2015-09-20 10:15:00,675,0.0,119.22,0.0
0,2015-09-20 10:15:00,750,0.0,118.51,0.0
0,2015-09-20 10:15:00,596,0.0,119.12,0.0
0,2015-09-20 10:15:00,719,0.0,117.94,0.0
0,2015-09-20 10:15:00,592,0.0,119.61,0.0
0,2015-09-20 10:15:00,604,0.0,118.11,0.0
0,2015-09-20 10:15:00,683,0.048,118.69,4.0
0,2015-09-20 10:15:00,727,0.0,118.96,0.0
0,2015-09-20 10:15:00,536,0.0,119.08,0.0
0,2015-09-20 10:15:00,422,1.328,116.28,114.0
0,2015-09-20 10:15:00,465,0.0,119.72,0.0
0,2015-09-20 10:15:00,579,0.076,116.32,8.0
0,2015-09-20 10:15:00,437,0.0,119.92,0.0
0,2015-09-20 10:15:00,581,0.0,116.68,0.0
0,2015-09-20 10:15:00,528,0.0,119.48,0.0
0,2015-09-20 10:15:00,773,0.0,118.72,0.0
0,2015-09-20 10:15:00,421,0.0,119.49,0.0
0,2015-09-20 10:15:00,498,0.0,119.76,0.0
0,2015-09-20 10:15:00,496,0.0,119.81,0.0
0,2015-09-20 10:15:00,479,0.0,120.08,0.0
0,2015-09-20 10:15:00,566,0.0,119.78,0.0
0,2015-09-20 10:15:00,676,0.0,119.62,0.0
0,2015-09-20 10:15:00,776,0.0,120.0,0.0
0,2015-09-20 10:15:00,336,0.0,119.51,0.0
0,2015-09-20 10:15:00,570,0.068,118.93,6.0
0,2015-09-20 10:15:00,541,0.0,118.83,0.0
0,2015-09-20 10:15:00,644,0.0,119.46,0.0
0,2015-09-20 10:15:00,656,0.0,116.98,0.0
0,2015-09-20 10:15:00,146,0.0,119.63,0.0
0,2015-09-20 10:15:00,790,0.0,120.31,0.0
0,2015-09-20 10:15:00,608,0.022,118.69,2.0
0,2015-09-20 10:15:00,557,0.0,118.78,0.0
0,2015-09-20 10:15:00,459,0.0,118.63,0.0
0,2015-09-20 10:15:00,497,0.096,118.49,0.0
0,2015-09-20 10:15:00,424,0.0,117.36,0.0
0,2015-09-20 10:15:00,546,0.046,119.75,2.0
0,2015-09-20 10:15:00,265,0.0,120.09,0.0
0,2015-09-20 10:15:00,712,0.0,120.18,0.0
0,2015-09-20 10:15:00,222,0.0,118.76,0.0
0,2015-09-20 10:15:00,229,0.0,119.61,0.0
0,2015-09-20 10:15:00,716,0.022,120.02,0.0
0,2015-09-20 10:15:00,361,0.172,119.78,10.0
0,2015-09-20 10:15:00,430,0.0,120.0,0.0
0,2015-09-20 10:15:00,277,0.0,120.09,0.0
0,2015-09-20 10:15:00,214,0.0,120.26,0.0
0,2015-09-20 10:15:00,798,0.068,119.09,2.0
0,2015-09-20 10:15:00,61,0.0,119.28,0.0
0,2015-09-20 10:15:00,207,0.0,119.69,0.0
0,2015-09-20 10:15:00,584,0.0,119.89,0.0
0,2015-09-20 10:15:00,293,0.0,119.42,0.0
0,2015-09-20 10:15:00,593,1.616,117.31,142.0
0,2015-09-20 10:15:00,525,0.0,118.47,0.0
0,2015-09-20 10:15:00,442,0.0,118.33,0.0
0,2015-09-20 10:15:00,461,0.63,117.34,36.0
0,2015-09-20 10:15:00,751,0.0,118.28,0.0
0,2015-09-20 10:15:00,698,0.0,119.78,0.0
0,2015-09-20 10:15:00,600,0.0,118.44,0.0
0,2015-09-20 10:15:00,651,0.0,118.13,0.0
0,2015-09-20 10:15:00,777,0.0,118.64,0.0
0,2015-09-20 10:15:00,736,0.0,118.75,0.0
0,2015-09-20 10:15:00,583,0.0,118.71,0.0
0,2015-09-20 10:15:00,670,0.0,118.81,0.0
0,2015-09-20 10:15:00,665,0.0,117.83,0.0
0,2015-09-20 10:15:00,640,0.0,118.44,0.0
0,2015-09-20 10:15:00,754,0.0,119.08,0.0
0,2015-09-20 10:15:00,548,0.0,119.38,0.0
0,2015-09-20 10:15:00,495,0.096,119.31,10.0
0,2015-09-20 10:15:00,807,0.0,118.96,0.0
0,2015-09-20 10:15:00,730,0.0,119.14,0.0
0,2015-09-20 10:15:00,681,0.0,119.06,0.0
0,2015-09-20 10:15:00,645,0.0,118.68,0.0
0,2015-09-20 10:15:00,760,0.0,118.29,0.0
0,2015-09-20 10:15:00,762,0.0,118.75,0.0
0,2015-09-20 10:15:00,636,1.988,117.54,150.0
0,2015-09-20 10:15:00,791,0.0,118.67,0.0
0,2015-09-20 10:15:00,451,0.0,118.88,0.0
0,2015-09-20 10:15:00,800,0.656,118.53,40.0
0,2015-09-20 10:15:00,724,0.098,119.69,10.0
0,2015-09-20 10:15:00,423,0.0,119.23,0.0
0,2015-09-20 10:15:00,513,0.02,119.98,0.0
0,2015-09-20 10:15:00,606,0.0,119.34,0.0
0,2015-09-20 10:15:00,726,0.172,119.38,14.0
0,2015-09-20 10:15:00,634,0.0,119.61,0.0
0,2015-09-20 10:15:00,508,0.0,118.64,0.0
0,2015-09-20 10:15:00,785,0.276,118.65,20.0
0,2015-09-20 10:15:00,591,0.102,118.68,6.0
0,2015-09-20 10:15:00,786,0.0,119.82,0.0
0,2015-09-20 10:15:00,655,0.0,119.41,0.0
0,2015-09-20 10:15:00,587,2.074,118.64,204.0
0,2015-09-20 10:15:00,506,0.0,119.81,0.0
0,2015-09-20 10:15:00,358,0.0,120.0,0.0
0,2015-09-20 10:15:00,542,0.0,117.42,0.0
0,2015-09-20 10:15:00,485,0.0,118.59,0.0
0,2015-09-20 10:15:00,797,0.0,117.22,0.0
0,2015-09-20 10:15:00,420,0.0,119.67,0.0
0,2015-09-20 10:15:00,458,0.038,118.97,2.0
0,2015-09-20 10:15:00,690,0.106,116.78,6.0
0,2015-09-20 10:15:00,732,0.0,119.59,0.0
0,2015-09-20 10:15:00,589,0.0,119.25,0.0
0,2015-09-20 10:15:00,613,0.032,120.14,0.0
0,2015-09-20 10:15:00,510,0.0,119.81,0.0
0,2015-09-20 10:15:00,173,0.0,119.13,0.0
0,2015-09-20 10:15:00,788,0.0,119.93,0.0
0,2015-09-20 10:15:00,466,0.002,120.66,0.0
0,2015-09-20 10:15:00,471,0.0,119.14,0.0
0,2015-09-20 10:15:00,462,0.068,118.31,6.0
0,2015-09-20 10:15:00,560,0.0,119.93,0.0
0,2015-09-20 10:15:00,502,0.0,117.22,0.0
0,2015-09-20 10:15:00,764,0.0,118.43,0.0
0,2015-09-20 10:15:00,507,0.0,118.64,0.0
0,2015-09-20 10:15:00,559,0.0,119.56,0.0
0,2015-09-20 10:15:00,576,0.008,118.17,0.0
0,2015-09-20 10:15:00,709,0.0,119.09,0.0
0,2015-09-20 10:15:00,599,0.0,119.38,0.0
0,2015-09-20 10:15:00,607,0.22,120.31,14.0
0,2015-09-20 10:15:00,543,0.136,118.6,12.0
0,2015-09-20 10:15:00,544,0.0,117.79,0.0
0,2015-09-20 10:15:00,780,0.0,118.83,0.0
0,2015-09-20 10:15:00,784,0.158,119.27,8.0
0,2015-09-20 10:15:00,649,0.0,119.14,0.0
0,2015-09-20 10:15:00,792,0.098,119.55,10.0
0,2015-09-20 10:15:00,806,0.0,118.43,0.0
0,2015-09-20 10:15:00,617,0.0,118.36,0.0
0,2015-09-20 10:15:00,706,0.0,119.84,0.0
0,2015-09-20 10:15:00,481,0.0,117.67,0.0
0,2015-09-20 10:15:00,440,0.0,119.3,0.0
0,2015-09-20 10:15:00,569,0.034,119.58,0.0
0,2015-09-20 10:15:00,611,0.0,118.27,0.0
0,2015-09-20 10:15:00,529,0.01,118.8,0.0
0,2015-09-20 10:15:00,438,0.0,119.04,0.0
0,2015-09-20 10:15:00,511,0.038,118.5,2.0
0,2015-09-20 10:15:00,803,0.0,118.52,0.0
0,2015-09-20 10:15:00,694,0.0,118.47,0.0
0,2015-09-20 10:15:00,565,0.096,119.22,10.0
0,2015-09-20 10:15:00,537,0.0,118.64,0.0
0,2015-09-20 10:15:00,571,0.484,119.57,54.0
0,2015-09-20 10:15:00,551,0.0,120.63,0.0
0,2015-09-20 10:15:00,582,0.05,120.07,2.0
0,2015-09-20 10:15:00,163,0.0,119.37,0.0
0,2015-09-20 10:15:00,789,0.0,118.67,0.0
0,2015-09-20 10:15:00,572,0.076,120.15,6.0
0,2015-09-20 10:15:00,517,0.0,116.62,0.0
0,2015-09-20 10:15:00,601,0.0,119.52,0.0
0,2015-09-20 10:15:00,622,0.0,119.83,0.0
0,2015-09-20 10:15:00,658,0.0,117.89,0.0
0,2015-09-20 10:15:00,487,0.0,118.62,0.0
0,2015-09-20 10:15:00,768,0.044,119.04,2.0
0,2015-09-20 10:15:00,574,0.0,118.97,0.0
0,2015-09-20 10:15:00,447,0.372,118.68,28.0
0,2015-09-20 10:15:00,555,0.0,119.66,0.0
0,2015-09-20 10:15:00,429,0.0,118.71,0.0
0,2015-09-20 10:15:00,140,0.0,119.33,0.0
0,2015-09-20 10:15:00,191,0.0,118.98,0.0
0,2015-09-20 10:15:00,650,0.098,117.01,10.0
0,2015-09-20 10:15:00,280,0.0,119.15,0.0
0,2015-09-20 10:15:00,810,0.0,116.62,0.0
0,2015-09-20 10:15:00,251,0.088,119.18,8.0
0,2015-09-20 10:15:00,664,0.0,119.51,0.0
0,2015-09-20 10:15:00,811,0.0,119.88,0.0
0,2015-09-20 10:15:00,794,0.002,117.49,0.0
0,2015-09-20 10:15:00,187,0.546,119.37,36.0
0,2015-09-20 10:15:00,539,0.0,119.48,0.0
0,2015-09-20 10:15:00,540,0.164,117.51,10.0
0,2015-09-20 10:15:00,434,0.096,116.88,10.0
0,2015-09-20 10:15:00,470,0.0,117.51,0.0
0,2015-09-20 10:15:00,486,0.0,119.97,0.0
0,2015-09-20 10:15:00,689,0.086,119.38,8.0
0,2015-09-20 10:15:00,475,0.0,119.16,0.0
0,2015-09-20 10:15:00,696,0.0,119.66,0.0
0,2015-09-20 10:15:00,489,0.0,119.98,0.0
0,2015-09-20 10:15:00,642,0.058,118.01,4.0
0,2015-09-20 10:15:00,688,0.0,118.84,0.0
0,2015-09-20 10:15:00,628,0.096,118.23,10.0
0,2015-09-20 10:15:00,467,0.018,118.61,0.0
0,2015-09-20 10:15:00,626,0.0,118.8,0.0
0,2015-09-20 10:15:00,484,0.0,119.1,0.0
0,2015-09-20 10:15:00,444,0.016,117.78,0.0
0,2015-09-20 10:15:00,701,0.0,118.84,0.0
0,2015-09-20 10:15:00,757,0.0,118.57,0.0
0,2015-09-20 10:15:00,504,0.0,119.87,0.0
0,2015-09-20 10:15:00,802,0.0,119.87,0.0
0,2015-09-20 10:15:00,763,0.0,118.58,0.0
0,2015-09-20 10:15:00,759,0.0,119.79,0.0
0,2015-09-20 10:15:00,761,1.594,118.78,116.0
0,2015-09-20 10:15:00,684,0.0,120.1,0.0
0,2015-09-20 10:15:00,639,0.0,119.52,0.0
0,2015-09-20 10:15:00,624,0.0,118.02,0.0
0,2015-09-20 10:15:00,452,0.0,118.38,0.0
0,2015-09-20 10:15:00,598,0.0,118.01,0.0
0,2015-09-20 10:15:00,456,0.0,118.39,0.0
0,2015-09-20 10:15:00,653,0.0,118.95,0.0
0,2015-09-20 10:15:00,722,0.1,119.87,10.0
0,2015-09-20 10:15:00,700,0.0,117.94,0.0
0,2015-09-20 10:15:00,678,0.0,119.22,0.0
0,2015-09-20 10:15:00,643,0.0,119.56,0.0
0,2015-09-20 10:15:00,637,0.0,117.35,0.0
0,2015-09-20 10:15:00,796,0.0,119.14,0.0
0,2015-09-20 10:15:00,633,0.0,117.27,0.0
0,2015-09-20 10:15:00,783,0.0,117.12,0.0
0,2015-09-20 10:15:00,464,0.0,119.67,0.0
0,2015-09-20 10:15:00,713,0.0,119.71,0.0
0,2015-09-20 10:15:00,635,0.0,117.56,0.0
0,2015-09-20 10:15:00,307,0.0,119.69,0.0
0,2015-09-20 10:15:00,342,0.0,119.57,0.0
0,2015-09-20 10:15:00,721,0.0,118.9,0.0
0,2015-09-20 10:15:00,614,0.032,118.98,2.0
0,2015-09-20 10:15:00,290,0.0,118.78,0.0
0,2015-09-20 10:15:00,793,0.0,118.26,0.0
0,2015-09-20 10:15:00,552,0.0,118.32,0.0
0,2015-09-20 10:15:00,547,0.154,118.43,18.0
0,2015-09-20 10:15:00,659,0.0,118.91,0.0
0,2015-09-20 10:15:00,435,0.0,119.19,0.0
0,2015-09-20 10:15:00,646,0.0,119.21,0.0
0,2015-09-20 10:15:00,578,0.112,118.2,12.0
0,2015-09-20 10:15:00,488,0.0,119.61,0.0
0,2015-09-20 10:15:00,538,0.116,119.81,12.0
0,2015-09-20 10:15:00,505,0.0,119.09,0.0
0,2015-09-20 10:15:00,469,0.0,119.39,0.0
0,2015-09-20 10:15:00,477,0.0,119.26,0.0
0,2015-09-20 10:15:00,480,0.0,119.41,0.0
0,2015-09-20 10:15:00,494,0.0,118.95,0.0
0,2015-09-20 10:15:00,597,0.0,119.28,0.0
0,2015-09-20 10:15:00,520,0.0,119.92,0.0
0,2015-09-20 10:15:00,672,0.0,118.95,0.0
0,2015-09-20 10:15:00,450,0.076,118.69,6.0
0,2015-09-20 10:15:00,717,0.0,118.89,0.0
0,2015-09-20 10:15:00,739,0.0,119.51,0.0
0,2015-09-20 10:15:00,666,0.0,118.75,0.0
0,2015-09-20 10:15:00,685,0.0,119.64,0.0
0,2015-09-20 10:15:00,296,0.02,119.45,0.0
0,2015-09-20 10:15:00,492,0.0,118.4,0.0
0,2015-09-20 10:15:00,774,0.098,117.82,10.0
0,2015-09-20 10:15:00,765,0.062,118.9,2.0
0,2015-09-20 10:15:00,668,0.0,118.12,0.0
0,2015-09-20 10:15:00,804,0.0,118.21,0.0
0,2015-09-20 10:15:00,772,0.0,118.63,0.0
0,2015-09-20 10:15:00,775,0.0,118.33,0.0
0,2015-09-20 10:15:00,758,0.226,118.75,22.0
0,2015-09-20 10:15:00,554,0.0,117.97,0.0
0,2015-09-20 10:15:00,769,0.0,118.22,0.0
0,2015-09-20 10:15:00,702,0.0,118.87,0.0
0,2015-09-20 10:15:00,220,0.0,119.11,0.0
0,2015-09-20 10:15:00,610,0.0,118.67,0.0
0,2015-09-20 10:15:00,594,0.0,118.7,0.0
0,2015-09-20 10:15:00,355,0.766,118.88,62.0
0,2015-09-20 10:15:00,586,0.0,119.06,0.0
0,2015-09-20 10:15:00,419,0.0,118.75,0.0
0,2015-09-20 10:15:00,564,0.0,118.52,0.0
0,2015-09-20 10:15:00,483,0.0,118.91,0.0
0,2015-09-20 10:15:00,595,0.0,119.09,0.0
0,2015-09-20 10:15:00,609,0.0,118.62,0.0
0,2015-09-20 10:15:00,562,0.0,118.83,0.0
0,2015-09-20 10:15:00,705,0.0,118.84,0.0
0,2015-09-20 10:15:00,499,0.0,119.41,0.0
0,2015-09-20 10:15:00,433,0.0,118.66,0.0
0,2015-09-20 10:15:00,550,0.088,119.48,8.0
0,2015-09-20 10:15:00,388,0.0,117.92,0.0
0,2015-09-20 10:15:00,686,0.0,118.99,0.0
0,2015-09-20 10:15:00,509,0.0,119.57,0.0
0,2015-09-20 10:15:00,647,0.0,117.16,0.0
0,2015-09-20 10:15:00,619,0.17,118.85,16.0
0,2015-09-20 10:15:00,629,0.0,119.26,0.0
0,2015-09-20 10:15:00,703,1.282,120.14,150.0
0,2015-09-20 10:15:00,801,0.0,117.14,0.0
0,2015-09-20 10:15:00,742,0.0,118.33,0.0
0,2015-09-20 10:15:00,741,0.0,120.2,0.0
0,2015-09-20 10:15:00,206,0.0,120.2,0.0
0,2015-09-20 10:15:00,661,0.0,119.58,0.0
0,2015-09-20 10:15:00,632,0.0,119.03,0.0
0,2015-09-20 10:15:00,387,0.0,119.39,0.0
0,2015-09-20 10:15:00,204,0.13,120.18,8.0
0,2015-09-20 10:15:00,364,0.0,119.66,0.0
0,2015-09-20 10:15:00,185,0.0,119.28,0.0
0,2015-09-20 10:15:00,215,0.0,119.36,0.0
0,2015-09-20 10:15:00,585,0.002,120.04,0.0
0,2015-09-20 10:15:00,532,0.02,117.61,2.0
0,2015-09-20 10:15:00,476,0.02,119.38,0.0
0,2015-09-20 10:15:00,527,0.0,116.33,0.0
0,2015-09-20 10:15:00,518,0.0,119.15,0.0
0,2015-09-20 10:15:00,710,0.0,119.02,0.0
0,2015-09-20 10:15:00,530,0.0,116.35,0.0
0,2015-09-20 10:15:00,631,0.0,118.0,0.0
0,2015-09-20 10:15:00,428,0.0,119.75,0.0
0,2015-09-20 10:15:00,766,0.656,118.25,58.0
0,2015-09-20 10:15:00,778,0.102,117.92,8.0
0,2015-09-20 10:15:00,770,0.096,117.77,10.0
0,2015-09-20 10:15:00,340,0.0,119.05,0.0
0,2015-09-20 10:15:00,781,0.09,119.15,8.0
0,2015-09-20 10:15:00,731,0.0,119.75,0.0
0,2015-09-20 10:15:00,449,0.0,118.88,0.0
0,2015-09-20 10:15:00,402,0.0,119.48,0.0
0,2015-09-20 10:15:00,531,0.006,118.15,0.0
0,2015-09-20 10:15:00,526,0.0,119.15,0.0
0,2015-09-20 10:15:00,491,0.0,120.28,0.0
0,2015-09-20 10:15:00,737,0.0,118.88,0.0
0,2015-09-20 10:15:00,193,0.058,120.37,2.0
0,2015-09-20 10:15:00,209,0.0,120.01,0.0
0,2015-09-20 10:15:00,692,0.02,119.67,0.0
0,2015-09-20 10:15:00,734,0.0,120.19,0.0
0,2015-09-20 10:15:00,219,0.0,119.94,0.0
0,2015-09-20 10:15:00,745,0.0,120.61,0.0
0,2015-09-20 10:15:00,735,0.724,119.45,48.0
0,2015-09-20 10:15:00,91,0.096,119.15,4.0
0,2015-09-20 10:15:00,580,0.0,119.42,0.0
0,2015-09-20 10:15:00,654,0.0,117.7,0.0
0,2015-09-20 10:15:00,755,0.0,119.07,0.0
0,2015-09-20 10:15:00,397,0.006,119.57,0.0
0,2015-09-20 10:15:00,787,0.0,118.97,0.0
0,2015-09-20 10:15:00,144,0.0,118.94,0.0
0,2015-09-20 10:15:00,561,0.0,118.77,0.0
0,2015-09-20 10:15:00,288,0.0,119.62,0.0
0,2015-09-20 10:15:00,687,0.0,119.64,0.0
0,2015-09-20 10:15:00,154,0.05,119.42,4.0
0,2015-09-20 10:15:00,738,0.0,119.22,0.0
0,2015-09-20 10:15:00,321,1.548,119.5,162.0
0,2015-09-20 10:15:00,379,0.0,119.3,0.0
0,2015-09-20 10:15:00,216,0.0,119.37,0.0
0,2015-09-20 10:15:00,638,0.0,119.71,0.0
0,2015-09-20 10:15:00,446,0.0,118.78,0.0
0,2015-09-20 10:15:00,468,0.0,119.9,0.0
0,2015-09-20 10:15:00,669,0.0,119.32,0.0
0,2015-09-20 10:15:00,588,0.0,119.78,0.0
0,2015-09-20 10:15:00,620,0.116,116.75,12.0
0,2015-09-20 10:30:00,455,0.0,120.19,0.0
0,2015-09-20 10:30:00,460,0.0,118.63,0.0
0,2015-09-20 10:30:00,549,0.0,119.98,0.0
0,2015-09-20 10:30:00,630,0.0,119.92,0.0
0,2015-09-20 10:30:00,512,0.084,116.74,8.0
0,2015-09-20 10:30:00,648,0.0,118.85,0.0
0,2015-09-20 10:30:00,627,0.0,116.43,0.0
0,2015-09-20 10:30:00,602,0.0,118.85,0.0
0,2015-09-20 10:30:00,493,0.0,118.65,0.0
0,2015-09-20 10:30:00,671,0.0,119.32,0.0
0,2015-09-20 10:30:00,662,0.0,119.08,0.0
0,2015-09-20 10:30:00,472,0.0,119.49,0.0
0,2015-09-20 10:30:00,474,0.0,119.33,0.0
0,2015-09-20 10:30:00,427,0.0,119.0,0.0
0,2015-09-20 10:30:00,515,0.08,118.3,8.0
0,2015-09-20 10:30:00,522,0.002,119.56,0.0
0,2015-09-20 10:30:00,441,0.096,119.07,10.0
0,2015-09-20 10:30:00,463,0.0,119.36,0.0
0,2015-09-20 10:30:00,448,0.096,119.38,10.0
0,2015-09-20 10:30:00,691,0.0,118.88,0.0
0,2015-09-20 10:30:00,443,0.0,116.83,0.0
0,2015-09-20 10:30:00,799,0.092,119.53,8.0
0,2015-09-20 10:30:00,767,0.0,120.19,0.0
0,2015-09-20 10:30:00,809,0.0,118.62,0.0
0,2015-09-20 10:30:00,432,0.0,116.54,0.0
0,2015-09-20 10:30:00,603,0.0,117.87,0.0
0,2015-09-20 10:30:00,516,0.0,118.22,0.0
0,2015-09-20 10:30:00,457,0.0,118.47,0.0
0,2015-09-20 10:30:00,535,0.0,118.5,0.0
0,2015-09-20 10:30:00,573,0.0,118.48,0.0
0,2015-09-20 10:30:00,503,0.094,119.24,8.0
0,2015-09-20 10:30:00,663,0.022,119.34,2.0
0,2015-09-20 10:30:00,667,0.0,118.08,0.0
0,2015-09-20 10:30:00,756,0.0,118.54,0.0
0,2015-09-20 10:30:00,563,0.0,117.86,0.0
0,2015-09-20 10:30:00,575,0.144,120.17,12.0
0,2015-09-20 10:30:00,590,0.028,119.88,0.0
0,2015-09-20 10:30:00,641,0.0,119.28,0.0
0,2015-09-20 10:30:00,743,0.0,119.76,0.0
0,2015-09-20 10:30:00,519,0.0,119.25,0.0
0,2015-09-20 10:30:00,534,0.022,116.9,0.0
0,2015-09-20 10:30:00,707,0.0,120.38,0.0
0,2015-09-20 10:30:00,728,0.004,117.69,0.0
0,2015-09-20 10:30:00,711,0.448,119.3,42.0
0,2015-09-20 10:30:00,616,0.0,118.29,0.0
0,2015-09-20 10:30:00,605,1.34,118.84,134.0
0,2015-09-20 10:30:00,482,0.0,118.87,0.0
0,2015-09-20 10:30:00,695,0.0,119.01,0.0
0,2015-09-20 10:30:00,621,0.0,119.18,0.0
0,2015-09-20 10:30:00,523,0.0,119.21,0.0
0,2015-09-20 10:30:00,699,0.112,119.28,10.0
0,2015-09-20 10:30:00,453,0.0,119.93,0.0
0,2015-09-20 10:30:00,431,0.0,119.52,0.0
0,2015-09-20 10:30:00,556,0.0,116.53,0.0
0,2015-09-20 10:30:00,615,0.0,118.01,0.0
0,2015-09-20 10:30:00,436,0.0,118.27,0.0
0,2015-09-20 10:30:00,439,0.0,119.32,0.0
0,2015-09-20 10:30:00,473,0.0,118.26,0.0
0,2015-09-20 10:30:00,425,0.0,117.58,0.0
0,2015-09-20 10:30:00,266,0.0,119.42,0.0
0,2015-09-20 10:30:00,697,0.0,119.38,0.0
0,2015-09-20 10:30:00,744,0.0,119.12,0.0
0,2015-09-20 10:30:00,200,0.0,116.77,0.0
0,2015-09-20 10:30:00,748,0.092,117.4,8.0
0,2015-09-20 10:30:00,674,0.0,119.89,0.0
0,2015-09-20 10:30:00,545,0.0,118.2,0.0
0,2015-09-20 10:30:00,558,0.0,119.37,0.0
0,2015-09-20 10:30:00,779,0.02,119.65,0.0
0,2015-09-20 10:30:00,782,0.048,120.09,2.0
0,2015-09-20 10:30:00,715,0.116,119.75,4.0
0,2015-09-20 10:30:00,521,0.046,118.57,2.0
0,2015-09-20 10:30:00,445,0.09,118.6,6.0
0,2015-09-20 10:30:00,733,0.0,118.15,0.0
0,2015-09-20 10:30:00,693,0.0,118.21,0.0
0,2015-09-20 10:30:00,771,0.008,117.74,0.0
0,2015-09-20 10:30:00,740,0.096,117.87,10.0
0,2015-09-20 10:30:00,426,0.0,118.22,0.0
0,2015-09-20 10:30:00,708,0.0,117.95,0.0
0,2015-09-20 10:30:00,673,0.0,118.94,0.0
0,2015-09-20 10:30:00,568,0.0,118.75,0.0
0,2015-09-20 10:30:00,490,0.012,119.96,0.0
0,2015-09-20 10:30:00,795,0.0,118.13,0.0
0,2015-09-20 10:30:00,567,0.0,119.8,0.0
0,2015-09-20 10:30:00,514,0.062,119.94,6.0
0,2015-09-20 10:30:00,805,0.062,117.95,4.0
0,2015-09-20 10:30:00,680,0.0,118.59,0.0
0,2015-09-20 10:30:00,749,0.0,119.02,0.0
0,2015-09-20 10:30:00,501,0.0,118.71,0.0
0,2015-09-20 10:30:00,618,0.0,118.54,0.0
0,2015-09-20 10:30:00,679,0.0,119.25,0.0
0,2015-09-20 10:30:00,808,0.0,119.41,0.0
0,2015-09-20 10:30:00,752,0.0,119.51,0.0
0,2015-09-20 10:30:00,714,0.0,118.16,0.0
0,2015-09-20 10:30:00,682,0.0,118.48,0.0
0,2015-09-20 10:30:00,675,0.0,118.84,0.0
0,2015-09-20 10:30:00,750,0.0,118.41,0.0
0,2015-09-20 10:30:00,596,0.0,119.02,0.0
0,2015-09-20 10:30:00,719,0.0,118.22,0.0
0,2015-09-20 10:30:00,592,0.0,119.44,0.0
0,2015-09-20 10:30:00,604,0.0,118.4,0.0
0,2015-09-20 10:30:00,683,0.098,118.58,10.0
0,2015-09-20 10:30:00,727,0.0,118.9,0.0
0,2015-09-20 10:30:00,536,0.0,118.76,0.0
0,2015-09-20 10:30:00,422,1.322,116.19,114.0
0,2015-09-20 10:30:00,465,0.0,119.56,0.0
0,2015-09-20 10:30:00,579,0.062,116.24,4.0
0,2015-09-20 10:30:00,437,0.0,119.77,0.0
0,2015-09-20 10:30:00,581,0.0,116.59,0.0
0,2015-09-20 10:30:00,528,0.002,119.33,0.0
0,2015-09-20 10:30:00,773,0.0,118.91,0.0
0,2015-09-20 10:30:00,421,0.0,119.6,0.0
0,2015-09-20 10:30:00,498,0.002,119.89,0.0
0,2015-09-20 10:30:00,496,0.0,119.95,0.0
0,2015-09-20 10:30:00,479,0.0,120.22,0.0
0,2015-09-20 10:30:00,566,0.056,119.91,6.0
0,2015-09-20 10:30:00,676,0.0,119.75,0.0
0,2015-09-20 10:30:00,776,0.0,120.14,0.0
0,2015-09-20 10:30:00,336,0.0,119.64,0.0
0,2015-09-20 10:30:00,570,0.096,118.86,10.0
0,2015-09-20 10:30:00,541,0.0,118.77,0.0
0,2015-09-20 10:30:00,644,0.0,119.29,0.0
0,2015-09-20 10:30:00,656,0.0,116.89,0.0
0,2015-09-20 10:30:00,146,0.0,119.73,0.0
0,2015-09-20 10:30:00,790,0.0,120.14,0.0
0,2015-09-20 10:30:00,608,0.03,118.56,2.0
0,2015-09-20 10:30:00,557,0.0,118.79,0.0
0,2015-09-20 10:30:00,459,0.0,118.49,0.0
0,2015-09-20 10:30:00,497,0.098,118.5,0.0
0,2015-09-20 10:30:00,424,0.0,117.28,0.0
0,2015-09-20 10:30:00,546,0.106,119.58,10.0
0,2015-09-20 10:30:00,265,0.0,120.21,0.0
0,2015-09-20 10:30:00,712,0.024,120.29,0.0
0,2015-09-20 10:30:00,222,0.0,118.63,0.0
0,2015-09-20 10:30:00,229,0.0,119.74,0.0
0,2015-09-20 10:30:00,716,0.024,120.13,0.0
0,2015-09-20 10:30:00,361,0.208,119.91,12.0
0,2015-09-20 10:30:00,430,0.0,119.84,0.0
0,2015-09-20 10:30:00,277,0.0,120.22,0.0
0,2015-09-20 10:30:00,214,0.0,120.41,0.0
0,2015-09-20 10:30:00,798,0.068,119.25,2.0
0,2015-09-20 10:30:00,61,0.0,119.39,0.0
0,2015-09-20 10:30:00,207,0.0,119.81,0.0
0,2015-09-20 10:30:00,584,0.0,120.04,0.0
0,2015-09-20 10:30:00,293,0.0,119.57,0.0
0,2015-09-20 10:30:00,593,1.61,117.49,142.0
0,2015-09-20 10:30:00,525,0.062,118.34,6.0
0,2015-09-20 10:30:00,442,0.0,118.39,0.0
0,2015-09-20 10:30:00,461,0.274,117.42,16.0
0,2015-09-20 10:30:00,751,0.0,118.16,0.0
0,2015-09-20 10:30:00,698,0.0,119.9,0.0
0,2015-09-20 10:30:00,600,0.0,118.46,0.0
0,2015-09-20 10:30:00,651,0.0,118.14,0.0
0,2015-09-20 10:30:00,777,0.0,118.52,0.0
0,2015-09-20 10:30:00,736,0.0,118.58,0.0
0,2015-09-20 10:30:00,583,0.0,118.94,0.0
0,2015-09-20 10:30:00,670,0.0,118.65,0.0
0,2015-09-20 10:30:00,665,0.0,118.11,0.0
0,2015-09-20 10:30:00,640,0.0,118.45,0.0
0,2015-09-20 10:30:00,754,0.0,118.92,0.0
0,2015-09-20 10:30:00,548,0.01,119.48,0.0
0,2015-09-20 10:30:00,495,0.076,119.16,8.0
0,2015-09-20 10:30:00,807,0.0,118.79,0.0
0,2015-09-20 10:30:00,730,0.0,118.98,0.0
0,2015-09-20 10:30:00,681,0.0,118.9,0.0
0,2015-09-20 10:30:00,645,0.0,118.55,0.0
0,2015-09-20 10:30:00,760,0.0,118.19,0.0
0,2015-09-20 10:30:00,762,0.0,118.58,0.0
0,2015-09-20 10:30:00,636,1.99,117.44,152.0
0,2015-09-20 10:30:00,791,0.0,118.51,0.0
0,2015-09-20 10:30:00,451,0.0,118.72,0.0
0,2015-09-20 10:30:00,800,0.576,118.43,36.0
0,2015-09-20 10:30:00,724,0.098,119.52,10.0
0,2015-09-20 10:30:00,423,0.0,119.39,0.0
0,2015-09-20 10:30:00,513,0.02,120.07,0.0
0,2015-09-20 10:30:00,606,0.0,119.27,0.0
0,2015-09-20 10:30:00,726,0.176,118.98,16.0
0,2015-09-20 10:30:00,634,0.0,119.23,0.0
0,2015-09-20 10:30:00,508,0.0,118.59,0.0
0,2015-09-20 10:30:00,785,0.002,118.29,0.0
0,2015-09-20 10:30:00,591,0.104,118.3,6.0
0,2015-09-20 10:30:00,786,0.0,119.44,0.0
0,2015-09-20 10:30:00,655,2.116,118.94,172.0
0,2015-09-20 10:30:00,587,1.826,118.49,180.0
0,2015-09-20 10:30:00,506,0.0,119.66,0.0
0,2015-09-20 10:30:00,358,0.0,120.13,0.0
0,2015-09-20 10:30:00,542,0.0,117.6,0.0
0,2015-09-20 10:30:00,485,0.0,118.81,0.0
0,2015-09-20 10:30:00,797,0.0,117.13,0.0
0,2015-09-20 10:30:00,420,0.0,119.56,0.0
0,2015-09-20 10:30:00,458,0.088,118.7,8.0
0,2015-09-20 10:30:00,690,0.132,116.68,8.0
0,2015-09-20 10:30:00,732,0.0,119.32,0.0
0,2015-09-20 10:30:00,589,0.0,119.14,0.0
0,2015-09-20 10:30:00,613,0.03,120.31,0.0
0,2015-09-20 10:30:00,510,0.0,119.98,0.0
0,2015-09-20 10:30:00,173,0.0,119.25,0.0
0,2015-09-20 10:30:00,788,0.0,119.76,0.0
0,2015-09-20 10:30:00,466,0.0,120.5,0.0
0,2015-09-20 10:30:00,471,0.0,119.25,0.0
0,2015-09-20 10:30:00,462,0.096,118.18,10.0
0,2015-09-20 10:30:00,560,0.0,119.77,0.0
0,2015-09-20 10:30:00,502,0.0,117.13,0.0
0,2015-09-20 10:30:00,764,0.0,118.33,0.0
0,2015-09-20 10:30:00,507,0.0,118.52,0.0
0,2015-09-20 10:30:00,559,0.0,119.18,0.0
0,2015-09-20 10:30:00,576,0.0,118.46,0.0
0,2015-09-20 10:30:00,709,0.0,118.99,0.0
0,2015-09-20 10:30:00,599,0.0,119.48,0.0
0,2015-09-20 10:30:00,607,0.234,120.4,14.0
0,2015-09-20 10:30:00,543,0.126,118.46,10.0
0,2015-09-20 10:30:00,544,0.0,118.08,0.0
0,2015-09-20 10:30:00,780,0.0,118.67,0.0
0,2015-09-20 10:30:00,784,0.136,119.1,6.0
0,2015-09-20 10:30:00,649,0.0,118.98,0.0
0,2015-09-20 10:30:00,792,0.098,119.66,10.0
0,2015-09-20 10:30:00,806,0.0,118.31,0.0
0,2015-09-20 10:30:00,617,0.0,118.25,0.0
0,2015-09-20 10:30:00,706,0.0,120.01,0.0
0,2015-09-20 10:30:00,481,0.0,117.56,0.0
0,2015-09-20 10:30:00,440,0.0,119.46,0.0
0,2015-09-20 10:30:00,569,0.12,119.66,8.0
0,2015-09-20 10:30:00,611,0.0,118.15,0.0
0,2015-09-20 10:30:00,529,0.064,118.65,6.0
0,2015-09-20 10:30:00,438,0.0,118.89,0.0
0,2015-09-20 10:30:00,511,0.0,118.73,0.0
0,2015-09-20 10:30:00,803,0.0,118.4,0.0
0,2015-09-20 10:30:00,694,0.0,118.37,0.0
0,2015-09-20 10:30:00,565,0.096,119.31,10.0
0,2015-09-20 10:30:00,537,0.0,118.51,0.0
0,2015-09-20 10:30:00,571,0.484,119.68,56.0
0,2015-09-20 10:30:00,551,0.0,120.77,0.0
0,2015-09-20 10:30:00,582,0.01,120.21,0.0
0,2015-09-20 10:30:00,163,0.0,119.48,0.0
0,2015-09-20 10:30:00,789,0.0,118.68,0.0
0,2015-09-20 10:30:00,572,0.096,120.31,10.0
0,2015-09-20 10:30:00,517,0.0,116.53,0.0
0,2015-09-20 10:30:00,601,0.0,119.14,0.0
0,2015-09-20 10:30:00,622,0.0,119.99,0.0
0,2015-09-20 10:30:00,658,0.0,118.18,0.0
0,2015-09-20 10:30:00,487,0.026,118.5,2.0
0,2015-09-20 10:30:00,768,0.0,118.87,0.0
0,2015-09-20 10:30:00,574,0.0,118.59,0.0
0,2015-09-20 10:30:00,447,0.37,118.61,28.0
0,2015-09-20 10:30:00,555,0.0,119.28,0.0
0,2015-09-20 10:30:00,429,0.0,118.58,0.0
0,2015-09-20 10:30:00,140,0.0,119.54,0.0
0,2015-09-20 10:30:00,191,0.0,119.19,0.0
0,2015-09-20 10:30:00,650,0.086,116.93,8.0
0,2015-09-20 10:30:00,280,0.0,119.36,0.0
0,2015-09-20 10:30:00,810,0.0,116.54,0.0
0,2015-09-20 10:30:00,251,0.086,119.38,10.0
0,2015-09-20 10:30:00,664,0.0,119.34,0.0
0,2015-09-20 10:30:00,811,0.0,119.71,0.0
0,2015-09-20 10:30:00,794,0.002,117.4,0.0
0,2015-09-20 10:30:00,187,0.08,119.59,2.0
0,2015-09-20 10:30:00,539,0.0,119.31,0.0
0,2015-09-20 10:30:00,540,0.036,117.43,2.0
0,2015-09-20 10:30:00,434,0.032,116.8,2.0
0,2015-09-20 10:30:00,470,0.0,117.42,0.0
0,2015-09-20 10:30:00,486,0.0,119.8,0.0
0,2015-09-20 10:30:00,689,0.098,118.98,10.0
0,2015-09-20 10:30:00,475,0.002,119.08,0.0
0,2015-09-20 10:30:00,696,0.0,119.6,0.0
0,2015-09-20 10:30:00,489,0.0,120.07,0.0
0,2015-09-20 10:30:00,642,0.058,117.9,4.0
0,2015-09-20 10:30:00,688,0.0,118.67,0.0
0,2015-09-20 10:30:00,628,0.056,118.15,4.0
0,2015-09-20 10:30:00,467,0.018,118.44,0.0
0,2015-09-20 10:30:00,626,0.0,118.63,0.0
0,2015-09-20 10:30:00,484,0.0,118.93,0.0
0,2015-09-20 10:30:00,444,0.0,117.7,0.0
0,2015-09-20 10:30:00,701,0.0,118.68,0.0
0,2015-09-20 10:30:00,757,0.0,118.45,0.0
0,2015-09-20 10:30:00,504,0.0,120.04,0.0
0,2015-09-20 10:30:00,802,0.0,119.98,0.0
0,2015-09-20 10:30:00,763,0.0,118.42,0.0
0,2015-09-20 10:30:00,759,0.0,119.92,0.0
0,2015-09-20 10:30:00,761,1.598,118.62,116.0
0,2015-09-20 10:30:00,684,0.0,120.27,0.0
0,2015-09-20 10:30:00,639,0.0,119.63,0.0
0,2015-09-20 10:30:00,624,0.0,118.1,0.0
0,2015-09-20 10:30:00,452,0.0,118.46,0.0
0,2015-09-20 10:30:00,598,0.0,118.09,0.0
0,2015-09-20 10:30:00,456,0.0,118.4,0.0
0,2015-09-20 10:30:00,653,0.0,118.56,0.0
0,2015-09-20 10:30:00,722,0.098,119.98,10.0
0,2015-09-20 10:30:00,700,0.0,118.22,0.0
0,2015-09-20 10:30:00,678,0.0,119.06,0.0
0,2015-09-20 10:30:00,643,0.0,119.39,0.0
0,2015-09-20 10:30:00,637,0.0,117.26,0.0
0,2015-09-20 10:30:00,796,0.0,118.98,0.0
0,2015-09-20 10:30:00,633,0.0,117.18,0.0
0,2015-09-20 10:30:00,783,0.0,117.03,0.0
0,2015-09-20 10:30:00,464,0.0,119.77,0.0
0,2015-09-20 10:30:00,713,0.0,119.54,0.0
0,2015-09-20 10:30:00,635,0.0,117.83,0.0
0,2015-09-20 10:30:00,307,0.0,119.81,0.0
0,2015-09-20 10:30:00,342,0.002,119.68,0.0
0,2015-09-20 10:30:00,721,0.0,118.5,0.0
0,2015-09-20 10:30:00,614,0.076,118.92,6.0
0,2015-09-20 10:30:00,290,0.0,118.39,0.0
0,2015-09-20 10:30:00,793,0.0,118.27,0.0
0,2015-09-20 10:30:00,552,0.0,118.54,0.0
0,2015-09-20 10:30:00,547,0.062,118.46,6.0
0,2015-09-20 10:30:00,659,0.0,118.86,0.0
0,2015-09-20 10:30:00,435,0.0,118.81,0.0
0,2015-09-20 10:30:00,646,0.0,118.82,0.0
0,2015-09-20 10:30:00,578,0.112,118.43,12.0
0,2015-09-20 10:30:00,488,0.0,119.7,0.0
0,2015-09-20 10:30:00,538,0.114,119.9,12.0
0,2015-09-20 10:30:00,505,0.0,119.25,0.0
0,2015-09-20 10:30:00,469,0.0,119.55,0.0
0,2015-09-20 10:30:00,477,0.0,119.35,0.0
0,2015-09-20 10:30:00,480,0.0,119.02,0.0
0,2015-09-20 10:30:00,494,0.0,119.06,0.0
0,2015-09-20 10:30:00,597,0.0,118.9,0.0
0,2015-09-20 10:30:00,520,0.0,120.02,0.0
0,2015-09-20 10:30:00,672,0.0,118.89,0.0
0,2015-09-20 10:30:00,450,0.06,118.53,4.0
0,2015-09-20 10:30:00,717,0.0,118.49,0.0
0,2015-09-20 10:30:00,739,0.0,119.13,0.0
0,2015-09-20 10:30:00,666,0.1,118.63,4.0
0,2015-09-20 10:30:00,685,0.0,119.26,0.0
0,2015-09-20 10:30:00,296,0.336,119.55,18.0
0,2015-09-20 10:30:00,492,0.0,118.29,0.0
0,2015-09-20 10:30:00,774,0.098,117.73,10.0
0,2015-09-20 10:30:00,765,0.062,118.73,2.0
0,2015-09-20 10:30:00,668,0.0,118.03,0.0
0,2015-09-20 10:30:00,804,0.0,118.12,0.0
0,2015-09-20 10:30:00,772,0.022,118.46,0.0
0,2015-09-20 10:30:00,775,0.0,118.24,0.0
0,2015-09-20 10:30:00,758,0.224,118.58,22.0
0,2015-09-20 10:30:00,554,0.0,117.88,0.0
0,2015-09-20 10:30:00,769,0.0,118.13,0.0
0,2015-09-20 10:30:00,702,0.0,119.02,0.0
0,2015-09-20 10:30:00,220,0.0,119.27,0.0
0,2015-09-20 10:30:00,610,0.0,118.89,0.0
0,2015-09-20 10:30:00,594,0.0,118.72,0.0
0,2015-09-20 10:30:00,355,0.768,119.03,64.0
0,2015-09-20 10:30:00,586,0.0,118.86,0.0
0,2015-09-20 10:30:00,419,0.0,118.76,0.0
0,2015-09-20 10:30:00,564,0.0,118.53,0.0
0,2015-09-20 10:30:00,483,0.0,118.85,0.0
0,2015-09-20 10:30:00,595,0.0,119.1,0.0
0,2015-09-20 10:30:00,609,0.0,118.64,0.0
0,2015-09-20 10:30:00,562,0.0,118.84,0.0
0,2015-09-20 10:30:00,705,0.0,118.73,0.0
0,2015-09-20 10:30:00,499,0.0,119.26,0.0
0,2015-09-20 10:30:00,433,0.028,118.53,0.0
0,2015-09-20 10:30:00,550,0.086,119.59,8.0
0,2015-09-20 10:30:00,388,0.0,117.81,0.0
0,2015-09-20 10:30:00,686,0.0,118.95,0.0
0,2015-09-20 10:30:00,509,0.0,119.41,0.0
0,2015-09-20 10:30:00,647,0.0,117.08,0.0
0,2015-09-20 10:30:00,619,0.134,118.72,12.0
0,2015-09-20 10:30:00,629,0.0,119.05,0.0
0,2015-09-20 10:30:00,703,1.282,120.25,150.0
0,2015-09-20 10:30:00,801,0.0,117.05,0.0
0,2015-09-20 10:30:00,742,0.0,118.22,0.0
0,2015-09-20 10:30:00,741,0.0,120.28,0.0
0,2015-09-20 10:30:00,206,0.0,120.31,0.0
0,2015-09-20 10:30:00,661,0.0,119.77,0.0
0,2015-09-20 10:30:00,632,0.0,118.86,0.0
0,2015-09-20 10:30:00,387,0.0,119.56,0.0
0,2015-09-20 10:30:00,204,0.102,120.28,4.0
0,2015-09-20 10:30:00,364,0.0,119.84,0.0
0,2015-09-20 10:30:00,185,0.0,119.37,0.0
0,2015-09-20 10:30:00,215,0.0,119.45,0.0
0,2015-09-20 10:30:00,585,0.0,120.13,0.0
0,2015-09-20 10:30:00,532,0.0,117.89,0.0
0,2015-09-20 10:30:00,476,0.018,119.48,0.0
0,2015-09-20 10:30:00,527,0.0,116.24,0.0
0,2015-09-20 10:30:00,518,0.0,119.3,0.0
0,2015-09-20 10:30:00,710,0.0,118.91,0.0
0,2015-09-20 10:30:00,530,0.002,116.26,0.0
0,2015-09-20 10:30:00,631,0.0,117.92,0.0
0,2015-09-20 10:30:00,428,0.0,119.91,0.0
0,2015-09-20 10:30:00,766,0.578,118.17,52.0
0,2015-09-20 10:30:00,778,0.052,117.85,4.0
0,2015-09-20 10:30:00,770,0.082,117.69,8.0
0,2015-09-20 10:30:00,340,0.0,119.24,0.0
0,2015-09-20 10:30:00,781,0.094,118.98,10.0
0,2015-09-20 10:30:00,731,0.0,119.83,0.0
0,2015-09-20 10:30:00,449,0.0,118.5,0.0
0,2015-09-20 10:30:00,402,0.0,119.66,0.0
0,2015-09-20 10:30:00,531,0.0,118.42,0.0
0,2015-09-20 10:30:00,526,0.0,119.08,0.0
0,2015-09-20 10:30:00,491,0.0,120.12,0.0
0,2015-09-20 10:30:00,737,0.0,119.03,0.0
0,2015-09-20 10:30:00,193,0.0,120.48,0.0
0,2015-09-20 10:30:00,209,0.0,120.14,0.0
0,2015-09-20 10:30:00,692,0.02,119.78,0.0
0,2015-09-20 10:30:00,734,0.0,120.32,0.0
0,2015-09-20 10:30:00,219,0.042,120.05,2.0
0,2015-09-20 10:30:00,745,0.0,120.72,0.0
0,2015-09-20 10:30:00,735,0.294,119.64,22.0
0,2015-09-20 10:30:00,91,0.098,119.36,2.0
0,2015-09-20 10:30:00,580,0.0,119.53,0.0
0,2015-09-20 10:30:00,654,0.0,117.98,0.0
0,2015-09-20 10:30:00,755,0.0,118.94,0.0
0,2015-09-20 10:30:00,397,0.0,119.65,0.0
0,2015-09-20 10:30:00,787,0.0,118.86,0.0
0,2015-09-20 10:30:00,144,0.0,119.1,0.0
0,2015-09-20 10:30:00,561,0.0,118.71,0.0
0,2015-09-20 10:30:00,288,0.0,119.73,0.0
0,2015-09-20 10:30:00,687,0.0,119.8,0.0
0,2015-09-20 10:30:00,154,0.048,119.56,4.0
0,2015-09-20 10:30:00,738,0.0,119.37,0.0
0,2015-09-20 10:30:00,321,1.546,119.64,162.0
0,2015-09-20 10:30:00,379,0.0,119.44,0.0
0,2015-09-20 10:30:00,216,0.0,119.47,0.0
0,2015-09-20 10:30:00,638,0.0,119.82,0.0
0,2015-09-20 10:30:00,446,0.0,118.41,0.0
0,2015-09-20 10:30:00,468,0.0,120.06,0.0
0,2015-09-20 10:30:00,669,0.0,119.43,0.0
0,2015-09-20 10:30:00,588,0.0,119.91,0.0
0,2015-09-20 10:30:00,620,0.096,116.68,10.0
0,2015-09-20 10:45:00,455,0.0,120.16,0.0
0,2015-09-20 10:45:00,460,0.0,118.61,0.0
0,2015-09-20 10:45:00,549,0.0,120.04,0.0
0,2015-09-20 10:45:00,630,0.0,119.87,0.0
0,2015-09-20 10:45:00,512,0.016,116.84,0.0
0,2015-09-20 10:45:00,648,0.0,118.86,0.0
0,2015-09-20 10:45:00,627,0.0,116.53,0.0
0,2015-09-20 10:45:00,602,0.002,118.81,0.0
0,2015-09-20 10:45:00,493,0.0,118.63,0.0
0,2015-09-20 10:45:00,671,0.0,119.33,0.0
0,2015-09-20 10:45:00,662,0.0,119.07,0.0
0,2015-09-20 10:45:00,472,0.0,119.55,0.0
0,2015-09-20 10:45:00,474,0.0,119.39,0.0
0,2015-09-20 10:45:00,427,0.0,119.0,0.0
0,2015-09-20 10:45:00,515,0.0,118.33,0.0
0,2015-09-20 10:45:00,522,0.094,119.51,8.0
0,2015-09-20 10:45:00,441,0.022,119.07,2.0
0,2015-09-20 10:45:00,463,0.014,119.36,0.0
0,2015-09-20 10:45:00,448,0.096,119.37,10.0
0,2015-09-20 10:45:00,691,0.0,118.9,0.0
0,2015-09-20 10:45:00,443,0.0,116.9,0.0
0,2015-09-20 10:45:00,799,0.086,119.55,8.0
0,2015-09-20 10:45:00,767,0.0,120.16,0.0
0,2015-09-20 10:45:00,809,0.0,118.61,0.0
0,2015-09-20 10:45:00,432,0.0,116.63,0.0
0,2015-09-20 10:45:00,603,0.0,117.93,0.0
0,2015-09-20 10:45:00,516,0.0,118.19,0.0
0,2015-09-20 10:45:00,457,0.0,118.45,0.0
0,2015-09-20 10:45:00,535,0.0,118.63,0.0
0,2015-09-20 10:45:00,573,0.0,118.51,0.0
0,2015-09-20 10:45:00,503,0.0,119.19,0.0
0,2015-09-20 10:45:00,663,0.0,119.36,0.0
0,2015-09-20 10:45:00,667,0.0,118.04,0.0
0,2015-09-20 10:45:00,756,0.0,118.5,0.0
0,2015-09-20 10:45:00,563,0.0,118.03,0.0
0,2015-09-20 10:45:00,575,0.202,120.21,18.0
0,2015-09-20 10:45:00,590,0.11,119.85,10.0
0,2015-09-20 10:45:00,641,0.0,119.33,0.0
0,2015-09-20 10:45:00,743,0.0,119.81,0.0
0,2015-09-20 10:45:00,519,0.0,119.23,0.0
0,2015-09-20 10:45:00,534,0.0,116.97,0.0
0,2015-09-20 10:45:00,707,0.0,120.35,0.0
0,2015-09-20 10:45:00,728,0.044,117.81,2.0
0,2015-09-20 10:45:00,711,0.202,119.34,18.0
0,2015-09-20 10:45:00,616,0.0,118.32,0.0
0,2015-09-20 10:45:00,605,1.342,118.85,134.0
0,2015-09-20 10:45:00,482,0.0,118.87,0.0
0,2015-09-20 10:45:00,695,0.0,119.03,0.0
0,2015-09-20 10:45:00,621,0.0,119.18,0.0
0,2015-09-20 10:45:00,523,0.0,119.21,0.0
0,2015-09-20 10:45:00,699,0.112,119.32,10.0
0,2015-09-20 10:45:00,453,0.0,119.91,0.0
0,2015-09-20 10:45:00,431,0.0,119.49,0.0
0,2015-09-20 10:45:00,556,0.0,116.63,0.0
0,2015-09-20 10:45:00,615,0.09,118.02,8.0
0,2015-09-20 10:45:00,436,0.0,118.28,0.0
0,2015-09-20 10:45:00,439,0.0,119.31,0.0
0,2015-09-20 10:45:00,473,0.0,118.29,0.0
0,2015-09-20 10:45:00,425,0.0,117.66,0.0
0,2015-09-20 10:45:00,266,0.0,119.46,0.0
0,2015-09-20 10:45:00,697,0.0,119.36,0.0
0,2015-09-20 10:45:00,744,0.0,119.1,0.0
0,2015-09-20 10:45:00,200,0.0,116.88,0.0
0,2015-09-20 10:45:00,748,0.0,117.51,0.0
0,2015-09-20 10:45:00,674,0.0,119.87,0.0
0,2015-09-20 10:45:00,545,0.0,118.17,0.0
0,2015-09-20 10:45:00,558,0.0,119.36,0.0
0,2015-09-20 10:45:00,779,0.02,119.63,0.0
0,2015-09-20 10:45:00,782,0.048,120.05,2.0
0,2015-09-20 10:45:00,715,0.116,119.73,4.0
0,2015-09-20 10:45:00,521,0.046,118.59,2.0
0,2015-09-20 10:45:00,445,0.054,118.58,4.0
0,2015-09-20 10:45:00,733,0.0,118.28,0.0
0,2015-09-20 10:45:00,693,0.0,118.34,0.0
0,2015-09-20 10:45:00,771,0.0,117.88,0.0
0,2015-09-20 10:45:00,740,0.096,118.02,10.0
0,2015-09-20 10:45:00,426,0.0,118.37,0.0
0,2015-09-20 10:45:00,708,0.0,118.11,0.0
0,2015-09-20 10:45:00,673,0.0,118.93,0.0
0,2015-09-20 10:45:00,568,0.0,118.74,0.0
0,2015-09-20 10:45:00,490,0.0,119.93,0.0
0,2015-09-20 10:45:00,795,0.0,118.07,0.0
0,2015-09-20 10:45:00,567,0.0,119.77,0.0
0,2015-09-20 10:45:00,514,0.0,119.96,0.0
0,2015-09-20 10:45:00,805,0.0,118.08,0.0
0,2015-09-20 10:45:00,680,0.0,118.65,0.0
0,2015-09-20 10:45:00,749,0.0,119.11,0.0
0,2015-09-20 10:45:00,501,0.0,118.71,0.0
0,2015-09-20 10:45:00,618,0.0,118.58,0.0
0,2015-09-20 10:45:00,679,0.0,119.3,0.0
0,2015-09-20 10:45:00,808,0.0,119.38,0.0
0,2015-09-20 10:45:00,752,0.0,119.53,0.0
0,2015-09-20 10:45:00,714,0.0,118.3,0.0
0,2015-09-20 10:45:00,682,0.0,118.46,0.0
0,2015-09-20 10:45:00,675,0.0,118.82,0.0
0,2015-09-20 10:45:00,750,0.0,118.41,0.0
0,2015-09-20 10:45:00,596,0.0,119.03,0.0
0,2015-09-20 10:45:00,719,0.0,118.35,0.0
0,2015-09-20 10:45:00,592,0.0,119.43,0.0
0,2015-09-20 10:45:00,604,0.0,118.54,0.0
0,2015-09-20 10:45:00,683,0.096,118.59,10.0
0,2015-09-20 10:45:00,727,0.0,118.91,0.0
0,2015-09-20 10:45:00,536,0.0,118.77,0.0
0,2015-09-20 10:45:00,422,1.316,116.28,114.0
0,2015-09-20 10:45:00,465,0.0,119.53,0.0
0,2015-09-20 10:45:00,579,0.032,116.34,0.0
0,2015-09-20 10:45:00,437,0.036,119.73,2.0
0,2015-09-20 10:45:00,581,0.0,116.69,0.0
0,2015-09-20 10:45:00,528,0.028,119.29,0.0
0,2015-09-20 10:45:00,773,0.0,118.94,0.0
0,2015-09-20 10:45:00,421,0.0,119.66,0.0
0,2015-09-20 10:45:00,498,0.0,119.85,0.0
0,2015-09-20 10:45:00,496,0.0,119.92,0.0
0,2015-09-20 10:45:00,479,0.0,120.19,0.0
0,2015-09-20 10:45:00,566,0.0,119.88,0.0
0,2015-09-20 10:45:00,676,0.0,119.71,0.0
0,2015-09-20 10:45:00,776,0.0,120.1,0.0
0,2015-09-20 10:45:00,336,0.0,119.66,0.0
0,2015-09-20 10:45:00,570,0.096,118.88,10.0
0,2015-09-20 10:45:00,541,0.0,118.79,0.0
0,2015-09-20 10:45:00,644,0.0,119.26,0.0
0,2015-09-20 10:45:00,656,0.0,117.0,0.0
0,2015-09-20 10:45:00,146,0.0,119.71,0.0
0,2015-09-20 10:45:00,790,0.0,120.11,0.0
0,2015-09-20 10:45:00,608,0.024,118.6,2.0
0,2015-09-20 10:45:00,557,0.0,118.81,0.0
0,2015-09-20 10:45:00,459,0.0,118.47,0.0
0,2015-09-20 10:45:00,497,0.128,118.52,4.0
0,2015-09-20 10:45:00,424,0.0,117.35,0.0
0,2015-09-20 10:45:00,546,0.0,119.57,0.0
0,2015-09-20 10:45:00,265,0.0,120.2,0.0
0,2015-09-20 10:45:00,712,0.0,120.28,0.0
0,2015-09-20 10:45:00,222,0.0,118.61,0.0
0,2015-09-20 10:45:00,229,0.0,119.71,0.0
0,2015-09-20 10:45:00,716,0.024,120.12,0.0
0,2015-09-20 10:45:00,361,0.0,119.94,0.0
0,2015-09-20 10:45:00,430,0.0,119.82,0.0
0,2015-09-20 10:45:00,277,0.0,120.24,0.0
0,2015-09-20 10:45:00,214,0.0,120.37,0.0
0,2015-09-20 10:45:00,798,0.068,119.2,2.0
0,2015-09-20 10:45:00,61,0.0,119.44,0.0
0,2015-09-20 10:45:00,207,0.04,119.8,0.0
0,2015-09-20 10:45:00,584,0.0,120.07,0.0
0,2015-09-20 10:45:00,293,0.0,119.53,0.0
0,2015-09-20 10:45:00,593,1.604,117.56,140.0
0,2015-09-20 10:45:00,525,0.102,118.31,10.0
0,2015-09-20 10:45:00,442,0.0,118.44,0.0
0,2015-09-20 10:45:00,461,0.616,117.47,34.0
0,2015-09-20 10:45:00,751,0.0,118.12,0.0
0,2015-09-20 10:45:00,698,0.0,119.88,0.0
0,2015-09-20 10:45:00,600,0.0,118.47,0.0
0,2015-09-20 10:45:00,651,0.022,118.15,0.0
0,2015-09-20 10:45:00,777,0.0,118.62,0.0
0,2015-09-20 10:45:00,736,0.0,118.59,0.0
0,2015-09-20 10:45:00,583,0.0,119.06,0.0
0,2015-09-20 10:45:00,670,0.0,118.65,0.0
0,2015-09-20 10:45:00,665,0.0,118.24,0.0
0,2015-09-20 10:45:00,640,0.0,118.47,0.0
0,2015-09-20 10:45:00,754,0.0,118.91,0.0
0,2015-09-20 10:45:00,548,0.072,119.44,6.0
0,2015-09-20 10:45:00,495,0.0,119.17,0.0
0,2015-09-20 10:45:00,807,0.0,118.8,0.0
0,2015-09-20 10:45:00,730,0.0,119.01,0.0
0,2015-09-20 10:45:00,681,0.0,118.93,0.0
0,2015-09-20 10:45:00,645,0.0,118.61,0.0
0,2015-09-20 10:45:00,760,0.0,118.36,0.0
0,2015-09-20 10:45:00,762,0.342,118.48,26.0
0,2015-09-20 10:45:00,636,1.996,117.63,158.0
0,2015-09-20 10:45:00,791,0.0,118.44,0.0
0,2015-09-20 10:45:00,451,0.0,118.62,0.0
0,2015-09-20 10:45:00,800,0.426,118.61,28.0
0,2015-09-20 10:45:00,724,0.006,119.52,0.0
0,2015-09-20 10:45:00,423,0.0,119.41,0.0
0,2015-09-20 10:45:00,513,0.02,120.04,0.0
0,2015-09-20 10:45:00,606,0.0,119.28,0.0
0,2015-09-20 10:45:00,726,0.128,118.98,10.0
0,2015-09-20 10:45:00,634,0.0,119.22,0.0
0,2015-09-20 10:45:00,508,0.0,118.6,0.0
0,2015-09-20 10:45:00,785,0.076,118.27,6.0
0,2015-09-20 10:45:00,591,0.036,118.3,2.0
0,2015-09-20 10:45:00,786,0.0,119.43,0.0
0,2015-09-20 10:45:00,655,2.212,118.94,180.0
0,2015-09-20 10:45:00,587,1.074,118.56,112.0
0,2015-09-20 10:45:00,506,0.0,119.63,0.0
0,2015-09-20 10:45:00,358,0.0,120.15,0.0
0,2015-09-20 10:45:00,542,0.0,117.67,0.0
0,2015-09-20 10:45:00,485,0.0,118.93,0.0
0,2015-09-20 10:45:00,797,0.0,117.21,0.0
0,2015-09-20 10:45:00,420,0.0,119.56,0.0
0,2015-09-20 10:45:00,458,0.056,118.72,4.0
0,2015-09-20 10:45:00,690,0.142,116.76,12.0
0,2015-09-20 10:45:00,732,0.0,119.34,0.0
0,2015-09-20 10:45:00,589,0.0,119.14,0.0
0,2015-09-20 10:45:00,613,0.0,120.26,0.0
0,2015-09-20 10:45:00,510,0.0,119.92,0.0
0,2015-09-20 10:45:00,173,0.0,119.28,0.0
0,2015-09-20 10:45:00,788,0.0,119.74,0.0
0,2015-09-20 10:45:00,466,0.0,120.47,0.0
0,2015-09-20 10:45:00,471,0.0,119.31,0.0
0,2015-09-20 10:45:00,462,0.09,118.21,8.0
0,2015-09-20 10:45:00,560,0.0,119.74,0.0
0,2015-09-20 10:45:00,502,0.014,117.22,0.0
0,2015-09-20 10:45:00,764,0.0,118.33,0.0
0,2015-09-20 10:45:00,507,0.0,118.49,0.0
0,2015-09-20 10:45:00,559,0.0,119.17,0.0
0,2015-09-20 10:45:00,576,0.0,118.61,0.0
0,2015-09-20 10:45:00,709,0.0,118.99,0.0
0,2015-09-20 10:45:00,599,0.0,119.44,0.0
0,2015-09-20 10:45:00,607,0.242,120.37,14.0
0,2015-09-20 10:45:00,543,0.112,118.44,10.0
0,2015-09-20 10:45:00,544,0.0,118.24,0.0
0,2015-09-20 10:45:00,780,0.0,118.65,0.0
0,2015-09-20 10:45:00,784,0.102,119.08,4.0
0,2015-09-20 10:45:00,649,0.0,118.97,0.0
0,2015-09-20 10:45:00,792,0.096,119.71,10.0
0,2015-09-20 10:45:00,806,0.0,118.4,0.0
0,2015-09-20 10:45:00,617,0.0,118.41,0.0
0,2015-09-20 10:45:00,706,0.0,119.95,0.0
0,2015-09-20 10:45:00,481,0.0,117.72,0.0
0,2015-09-20 10:45:00,440,0.092,119.48,4.0
0,2015-09-20 10:45:00,569,0.104,119.64,6.0
0,2015-09-20 10:45:00,611,0.0,118.18,0.0
0,2015-09-20 10:45:00,529,0.0,118.62,0.0
0,2015-09-20 10:45:00,438,0.0,118.86,0.0
0,2015-09-20 10:45:00,511,0.0,118.85,0.0
0,2015-09-20 10:45:00,803,0.0,118.52,0.0
0,2015-09-20 10:45:00,694,0.0,118.54,0.0
0,2015-09-20 10:45:00,565,0.096,119.28,10.0
0,2015-09-20 10:45:00,537,0.01,118.54,0.0
0,2015-09-20 10:45:00,571,0.182,119.75,20.0
0,2015-09-20 10:45:00,551,0.0,120.73,0.0
0,2015-09-20 10:45:00,582,0.0,120.18,0.0
0,2015-09-20 10:45:00,163,0.0,119.53,0.0
0,2015-09-20 10:45:00,789,0.0,118.7,0.0
0,2015-09-20 10:45:00,572,0.084,120.34,8.0
0,2015-09-20 10:45:00,517,0.0,116.63,0.0
0,2015-09-20 10:45:00,601,0.0,119.13,0.0
0,2015-09-20 10:45:00,622,0.0,120.01,0.0
0,2015-09-20 10:45:00,658,0.0,118.34,0.0
0,2015-09-20 10:45:00,487,0.038,118.49,0.0
0,2015-09-20 10:45:00,768,0.0,118.77,0.0
0,2015-09-20 10:45:00,574,0.0,118.57,0.0
0,2015-09-20 10:45:00,447,0.398,118.63,30.0
0,2015-09-20 10:45:00,555,0.0,119.26,0.0
0,2015-09-20 10:45:00,429,0.0,118.62,0.0
0,2015-09-20 10:45:00,140,0.0,119.57,0.0
0,2015-09-20 10:45:00,191,0.0,119.22,0.0
0,2015-09-20 10:45:00,650,0.0,117.03,0.0
0,2015-09-20 10:45:00,280,0.0,119.39,0.0
0,2015-09-20 10:45:00,810,0.0,116.64,0.0
0,2015-09-20 10:45:00,251,0.086,119.41,10.0
0,2015-09-20 10:45:00,664,0.0,119.32,0.0
0,2015-09-20 10:45:00,811,0.0,119.68,0.0
0,2015-09-20 10:45:00,794,0.002,117.5,0.0
0,2015-09-20 10:45:00,187,0.074,119.62,4.0
0,2015-09-20 10:45:00,539,0.032,119.29,2.0
0,2015-09-20 10:45:00,540,0.07,117.49,2.0
0,2015-09-20 10:45:00,434,0.0,116.88,0.0
0,2015-09-20 10:45:00,470,0.0,117.49,0.0
0,2015-09-20 10:45:00,486,0.0,119.78,0.0
0,2015-09-20 10:45:00,689,0.098,118.98,10.0
0,2015-09-20 10:45:00,475,0.034,119.08,0.0
0,2015-09-20 10:45:00,696,0.0,119.61,0.0
0,2015-09-20 10:45:00,489,0.0,120.05,0.0
0,2015-09-20 10:45:00,642,0.058,118.04,4.0
0,2015-09-20 10:45:00,688,0.0,118.6,0.0
0,2015-09-20 10:45:00,628,0.0,118.35,0.0
0,2015-09-20 10:45:00,467,0.018,118.35,0.0
0,2015-09-20 10:45:00,626,0.0,118.54,0.0
0,2015-09-20 10:45:00,484,0.0,118.84,0.0
0,2015-09-20 10:45:00,444,0.08,117.88,8.0
0,2015-09-20 10:45:00,701,0.0,118.64,0.0
0,2015-09-20 10:45:00,757,0.0,118.56,0.0
0,2015-09-20 10:45:00,504,0.0,119.99,0.0
0,2015-09-20 10:45:00,802,0.0,120.04,0.0
0,2015-09-20 10:45:00,763,0.0,118.39,0.0
0,2015-09-20 10:45:00,759,0.0,119.87,0.0
0,2015-09-20 10:45:00,761,1.59,118.59,114.0
0,2015-09-20 10:45:00,684,0.09,120.22,4.0
0,2015-09-20 10:45:00,639,0.0,119.68,0.0
0,2015-09-20 10:45:00,624,0.0,118.15,0.0
0,2015-09-20 10:45:00,452,0.0,118.51,0.0
0,2015-09-20 10:45:00,598,0.018,118.13,2.0
0,2015-09-20 10:45:00,456,0.0,118.42,0.0
0,2015-09-20 10:45:00,653,0.0,118.55,0.0
0,2015-09-20 10:45:00,722,0.032,120.03,2.0
0,2015-09-20 10:45:00,700,0.0,118.36,0.0
0,2015-09-20 10:45:00,678,0.0,119.03,0.0
0,2015-09-20 10:45:00,643,0.0,119.37,0.0
0,2015-09-20 10:45:00,637,0.0,117.35,0.0
0,2015-09-20 10:45:00,796,0.0,118.96,0.0
0,2015-09-20 10:45:00,633,0.0,117.27,0.0
0,2015-09-20 10:45:00,783,0.0,117.12,0.0
0,2015-09-20 10:45:00,464,0.0,119.74,0.0
0,2015-09-20 10:45:00,713,0.0,119.52,0.0
0,2015-09-20 10:45:00,635,0.0,117.95,0.0
0,2015-09-20 10:45:00,307,0.0,119.8,0.0
0,2015-09-20 10:45:00,342,0.002,119.66,0.0
0,2015-09-20 10:45:00,721,0.0,118.5,0.0
0,2015-09-20 10:45:00,614,0.08,118.93,6.0
0,2015-09-20 10:45:00,290,0.0,118.39,0.0
0,2015-09-20 10:45:00,793,0.0,118.29,0.0
0,2015-09-20 10:45:00,552,0.0,118.66,0.0
0,2015-09-20 10:45:00,547,0.0,118.48,0.0
0,2015-09-20 10:45:00,659,0.0,118.87,0.0
0,2015-09-20 10:45:00,435,0.0,118.8,0.0
0,2015-09-20 10:45:00,646,0.0,118.81,0.0
0,2015-09-20 10:45:00,578,0.052,118.56,4.0
0,2015-09-20 10:45:00,488,0.0,119.67,0.0
0,2015-09-20 10:45:00,538,0.106,119.88,10.0
0,2015-09-20 10:45:00,505,0.0,119.28,0.0
0,2015-09-20 10:45:00,469,0.0,119.58,0.0
0,2015-09-20 10:45:00,477,0.0,119.32,0.0
0,2015-09-20 10:45:00,480,0.0,119.02,0.0
0,2015-09-20 10:45:00,494,0.0,119.12,0.0
0,2015-09-20 10:45:00,597,0.0,118.89,0.0
0,2015-09-20 10:45:00,520,0.0,119.99,0.0
0,2015-09-20 10:45:00,672,0.0,118.91,0.0
0,2015-09-20 10:45:00,450,0.06,118.49,4.0
0,2015-09-20 10:45:00,717,0.0,118.49,0.0
0,2015-09-20 10:45:00,739,0.0,119.11,0.0
0,2015-09-20 10:45:00,666,0.108,118.76,6.0
0,2015-09-20 10:45:00,685,0.0,119.24,0.0
0,2015-09-20 10:45:00,296,0.198,119.6,10.0
0,2015-09-20 10:45:00,492,0.0,118.46,0.0
0,2015-09-20 10:45:00,774,0.06,117.93,6.0
0,2015-09-20 10:45:00,765,0.062,118.64,2.0
0,2015-09-20 10:45:00,668,0.0,118.22,0.0
0,2015-09-20 10:45:00,804,0.0,118.32,0.0
0,2015-09-20 10:45:00,772,0.0,118.37,0.0
0,2015-09-20 10:45:00,775,0.0,118.44,0.0
0,2015-09-20 10:45:00,758,0.224,118.49,20.0
0,2015-09-20 10:45:00,554,0.0,118.07,0.0
0,2015-09-20 10:45:00,769,0.0,118.33,0.0
0,2015-09-20 10:45:00,702,0.0,119.04,0.0
0,2015-09-20 10:45:00,220,0.0,119.29,0.0
0,2015-09-20 10:45:00,610,0.0,119.01,0.0
0,2015-09-20 10:45:00,594,0.0,118.73,0.0
0,2015-09-20 10:45:00,355,0.774,119.04,70.0
0,2015-09-20 10:45:00,586,0.0,118.87,0.0
0,2015-09-20 10:45:00,419,0.0,118.78,0.0
0,2015-09-20 10:45:00,564,0.0,118.55,0.0
0,2015-09-20 10:45:00,483,0.0,118.86,0.0
0,2015-09-20 10:45:00,595,0.0,119.12,0.0
0,2015-09-20 10:45:00,609,0.0,118.66,0.0
0,2015-09-20 10:45:00,562,0.0,118.86,0.0
0,2015-09-20 10:45:00,705,0.0,118.73,0.0
0,2015-09-20 10:45:00,499,0.0,119.26,0.0
0,2015-09-20 10:45:00,433,0.11,118.55,6.0
0,2015-09-20 10:45:00,550,0.086,119.64,8.0
0,2015-09-20 10:45:00,388,0.0,117.85,0.0
0,2015-09-20 10:45:00,686,0.0,118.97,0.0
0,2015-09-20 10:45:00,509,0.0,119.4,0.0
0,2015-09-20 10:45:00,647,0.0,117.18,0.0
0,2015-09-20 10:45:00,619,0.092,118.78,4.0
0,2015-09-20 10:45:00,629,0.0,119.06,0.0
0,2015-09-20 10:45:00,703,1.224,120.23,142.0
0,2015-09-20 10:45:00,801,0.0,117.14,0.0
0,2015-09-20 10:45:00,742,0.0,118.22,0.0
0,2015-09-20 10:45:00,741,0.0,120.2,0.0
0,2015-09-20 10:45:00,206,0.0,120.3,0.0
0,2015-09-20 10:45:00,661,0.0,119.8,0.0
0,2015-09-20 10:45:00,632,0.0,118.77,0.0
0,2015-09-20 10:45:00,387,0.0,119.59,0.0
0,2015-09-20 10:45:00,204,0.04,120.26,0.0
0,2015-09-20 10:45:00,364,0.0,119.87,0.0
0,2015-09-20 10:45:00,185,0.0,119.34,0.0
0,2015-09-20 10:45:00,215,0.0,119.43,0.0
0,2015-09-20 10:45:00,585,0.004,120.1,0.0
0,2015-09-20 10:45:00,532,0.068,117.99,6.0
0,2015-09-20 10:45:00,476,0.008,119.44,0.0
0,2015-09-20 10:45:00,527,0.0,116.33,0.0
0,2015-09-20 10:45:00,518,0.0,119.33,0.0
0,2015-09-20 10:45:00,710,0.0,118.91,0.0
0,2015-09-20 10:45:00,530,0.0,116.35,0.0
0,2015-09-20 10:45:00,631,0.012,118.12,0.0
0,2015-09-20 10:45:00,428,0.0,119.93,0.0
0,2015-09-20 10:45:00,766,0.314,118.39,30.0
0,2015-09-20 10:45:00,778,0.052,118.06,4.0
0,2015-09-20 10:45:00,770,0.0,117.89,0.0
0,2015-09-20 10:45:00,340,0.0,119.28,0.0
0,2015-09-20 10:45:00,781,0.092,118.89,8.0
0,2015-09-20 10:45:00,731,0.0,119.75,0.0
0,2015-09-20 10:45:00,449,0.002,118.49,0.0
0,2015-09-20 10:45:00,402,0.0,119.69,0.0
0,2015-09-20 10:45:00,531,0.0,118.54,0.0
0,2015-09-20 10:45:00,526,0.0,119.1,0.0
0,2015-09-20 10:45:00,491,0.0,120.09,0.0
0,2015-09-20 10:45:00,737,0.0,119.05,0.0
0,2015-09-20 10:45:00,193,0.0,120.46,0.0
0,2015-09-20 10:45:00,209,0.0,120.16,0.0
0,2015-09-20 10:45:00,692,0.02,119.77,0.0
0,2015-09-20 10:45:00,734,0.0,120.34,0.0
0,2015-09-20 10:45:00,219,0.0,120.04,0.0
0,2015-09-20 10:45:00,745,0.0,120.71,0.0
0,2015-09-20 10:45:00,735,0.434,119.58,30.0
0,2015-09-20 10:45:00,91,0.098,119.39,4.0
0,2015-09-20 10:45:00,580,0.0,119.58,0.0
0,2015-09-20 10:45:00,654,0.0,118.12,0.0
0,2015-09-20 10:45:00,755,0.0,118.91,0.0
0,2015-09-20 10:45:00,397,0.012,119.57,0.0
0,2015-09-20 10:45:00,787,0.0,118.85,0.0
0,2015-09-20 10:45:00,144,0.0,119.12,0.0
0,2015-09-20 10:45:00,561,0.0,118.72,0.0
0,2015-09-20 10:45:00,288,0.0,119.71,0.0
0,2015-09-20 10:45:00,687,0.0,119.82,0.0
0,2015-09-20 10:45:00,154,0.0,119.59,0.0
0,2015-09-20 10:45:00,738,0.0,119.39,0.0
0,2015-09-20 10:45:00,321,1.542,119.66,162.0
0,2015-09-20 10:45:00,379,0.0,119.47,0.0
0,2015-09-20 10:45:00,216,0.0,119.46,0.0
0,2015-09-20 10:45:00,638,0.024,119.86,0.0
0,2015-09-20 10:45:00,446,0.0,118.39,0.0
0,2015-09-20 10:45:00,468,0.0,120.02,0.0
0,2015-09-20 10:45:00,669,0.0,119.47,0.0
0,2015-09-20 10:45:00,588,0.0,119.87,0.0
0,2015-09-20 10:45:00,620,0.096,116.76,10.0
